Round,Date,Class,Session,Driver,L1,L2,L3,L4,L5,L6,L7,L8,L9,L10,L11,L12,L13,L14
Round 2,2025-09-06,206 Mini/Cadet / T4 Mini,P,Aiden Harbaugh,1:12.495,1:27.040,,,,,,,,,,,,
Round 2,2025-09-06,ROTAX Junior Max,P,Caleb Smith,1:05.080,1:04.281,1:03.386,1:03.479,1:02.975,1:03.486,,,,,,,,
Round 2,2025-09-06,ROTAX Junior Max,P,Preston Fisher,1:07.812,,,,,,,,,,,,,
Round 2,2025-09-06,ROTAX Junior Max,P,Cole Vetter,1:07.992,1:05.062,1:04.329,1:04.352,1:03.929,1:03.525,,,,,,,,
Round 2,2025-09-06,ROTAX Junior Max,P,Kaden Harter,1:06.581,1:03.864,1:03.273,1:03.032,1:03.079,1:02.270,,,,,,,,
Round 2,2025-09-06,T4 Junior,P,Clay O'brien,1:07.984,1:06.612,1:06.766,1:06.565,,,,,,,,,,
Round 2,2025-09-06,T4 Junior,P,Wyatt Cataldo,1:09.032,1:09.359,1:08.577,1:07.960,,,,,,,,,,
Round 2,2025-09-06,T4 Junior,P,Ashlyn Taylor,1:10.699,1:09.145,1:09.102,1:08.112,,,,,,,,,,
Round 2,2025-09-06,T4 Junior,P,Anna Mccrone,1:09.217,1:09.125,1:10.055,1:07.540,,,,,,,,,,
Round 2,2025-09-06,T4 Junior,P,Derek Wargo,1:07.221,1:06.242,1:06.157,1:05.705,,,,,,,,,,
Round 2,2025-09-06,T4 Senior,P,Joe Bechtold,1:06.554,1:05.831,1:05.775,1:08.820,,,,,,,,,,
Round 2,2025-09-06,T4 Senior,P,Ian Quinn,1:06.761,1:07.000,1:06.916,1:07.040,1:06.625,,,,,,,,,
Round 2,2025-09-06,T4 Senior,P,Liam Engelmann,1:11.528,1:10.917,1:10.927,1:11.081,1:10.670,,,,,,,,,
Round 2,2025-09-06,T4 Senior,P,Lucas Mccrone,1:11.292,1:11.446,1:10.140,1:11.382,1:09.947,,,,,,,,,
Round 2,2025-09-06,Piston Kup/Bambino,P,Gunner Surace,1:46.490,1:42.380,1:41.125,,,,,,,,,,,
Round 2,2025-09-06,206 Junior/390/Senior,Q,Eric Baun,1:11.857,1:11.165,1:10.912,1:12.727,1:11.129,1:11.427,,,,,,,,
Round 2,2025-09-06,206 Junior/390/Senior,Q,Preston Fisher,1:12.530,1:11.223,1:10.602,1:11.997,1:11.368,1:11.571,,,,,,,,
Round 2,2025-09-06,206 Junior/390/Senior,Q,Wyatt Cataldo,1:11.737,1:11.478,1:11.173,1:11.261,1:10.842,1:11.044,,,,,,,,
Round 2,2025-09-06,206 Junior/390/Senior,Q,Carlos Myers,1:22.365,1:21.088,1:19.049,1:19.636,1:18.564,,,,,,,,,
Round 2,2025-09-06,206 Junior/390/Senior,Q,Clay O'brien,1:10.980,1:10.810,1:10.588,1:10.768,1:10.465,1:10.488,,,,,,,,
Round 2,2025-09-06,206 Junior/390/Senior,Q,Gabriel Payne,1:11.107,1:10.811,1:10.279,1:09.579,1:09.067,1:09.558,,,,,,,,
Round 2,2025-09-06,206 Mini/Cadet / T4 Mini,Q,Dominic Borelli,1:34.224,1:34.449,1:28.384,1:30.062,,,,,,,,,,
Round 2,2025-09-06,206 Mini/Cadet / T4 Mini,Q,Aiden Harbaugh,1:12.096,1:12.466,1:12.216,1:13.634,1:12.099,,,,,,,,,
Round 2,2025-09-06,ROTAX Junior Max,Q,Caleb Smith,1:04.089,1:03.214,1:02.625,1:03.099,1:02.694,1:02.597,,,,,,,,
Round 2,2025-09-06,ROTAX Junior Max,Q,Gabriel Payne,1:02.090,1:02.115,1:02.133,1:02.098,1:01.906,1:01.652,1:01.902,,,,,,,
Round 2,2025-09-06,ROTAX Junior Max,Q,Cole Vetter,1:03.072,1:03.182,1:03.203,1:03.078,1:02.935,1:02.494,1:02.929,,,,,,,
Round 2,2025-09-06,ROTAX Junior Max,Q,Kaden Harter,1:03.484,1:02.793,1:02.587,1:02.231,1:02.471,1:02.165,1:02.325,,,,,,,
Round 2,2025-09-06,T4 Junior,Q,Clay O'brien,1:07.115,1:07.063,1:07.093,1:06.808,1:07.312,1:06.857,,,,,,,,
Round 2,2025-09-06,T4 Junior,Q,Wyatt Cataldo,1:07.916,1:07.814,1:08.564,1:08.237,1:07.865,1:07.734,,,,,,,,
Round 2,2025-09-06,T4 Junior,Q,Ashlyn Taylor,1:08.949,1:08.794,1:08.442,1:08.429,1:09.390,1:08.084,,,,,,,,
Round 2,2025-09-06,T4 Junior,Q,Anna Mccrone,1:08.128,1:08.920,1:09.518,1:08.370,1:08.910,1:08.723,,,,,,,,
Round 2,2025-09-06,T4 Junior,Q,Derek Wargo,1:05.445,1:05.420,1:05.697,1:05.868,1:05.872,1:05.601,,,,,,,,
Round 2,2025-09-06,T4 Senior,Q,Alexandre Thebaud,1:08.205,1:07.674,1:07.954,1:08.265,1:07.636,1:07.597,,,,,,,,
Round 2,2025-09-06,T4 Senior,Q,Ian Quinn,1:06.510,1:06.626,1:06.855,1:06.867,1:06.952,1:06.919,,,,,,,,
Round 2,2025-09-06,T4 Senior,Q,Liam Engelmann,1:11.524,1:10.557,1:11.197,1:09.649,1:10.619,1:10.990,,,,,,,,
Round 2,2025-09-06,T4 Senior,Q,Lucas Mccrone,1:09.903,1:09.489,1:10.251,1:10.462,1:10.057,1:10.334,,,,,,,,
Round 2,2025-09-06,Piston Kup/Bambino,Q,Gunner Surace,1:40.010,1:47.494,2:03.309,,,,,,,,,,,
Round 2,2025-09-06,206 Junior/390/Senior,PF,Gabriel Payne,1:03.411,1:11.681,1:09.757,1:09.101,1:09.533,1:09.481,1:09.092,1:09.382,1:09.132,1:09.516,,,,
Round 2,2025-09-06,206 Junior/390/Senior,PF,Clay O'brien,1:03.493,1:12.815,1:10.553,1:10.277,1:10.326,1:10.426,1:10.081,1:10.356,1:12.096,1:10.375,,,,
Round 2,2025-09-06,206 Junior/390/Senior,PF,Preston Fisher,1:03.571,1:12.137,1:10.195,1:10.008,1:10.655,1:10.282,1:10.336,1:10.142,1:10.334,1:10.308,,,,
Round 2,2025-09-06,206 Junior/390/Senior,PF,Wyatt Cataldo,1:03.687,1:13.114,1:10.491,1:09.928,1:10.324,1:10.438,1:10.144,1:10.389,1:11.461,1:10.735,,,,
Round 2,2025-09-06,206 Junior/390/Senior,PF,Eric Baun,1:03.816,1:13.867,1:11.030,1:10.411,1:10.836,1:11.526,1:11.135,1:11.368,1:10.821,1:11.649,,,,
Round 2,2025-09-06,206 Junior/390/Senior,PF,Carlos Myers,1:04.043,1:21.042,1:17.726,1:18.474,1:17.839,1:18.280,1:17.548,1:17.536,1:17.602,,,,,
Round 2,2025-09-06,206 Mini/Cadet / T4 Mini,PF,Aiden Harbaugh,1:15.252,1:11.623,1:11.855,1:12.588,1:12.216,1:12.358,1:14.356,1:12.301,1:11.912,1:12.032,,,,
Round 2,2025-09-06,206 Mini/Cadet / T4 Mini,PF,Dominic Borelli,1:26.042,1:24.970,1:25.820,1:27.711,1:25.814,1:23.440,1:23.603,1:26.494,1:25.389,,,,,
Round 2,2025-09-06,ROTAX Junior Max,PF,Gabriel Payne,1:03.519,1:02.021,1:01.918,1:01.728,1:01.981,1:02.471,1:01.654,1:01.561,1:01.530,1:01.662,,,,
Round 2,2025-09-06,ROTAX Junior Max,PF,Cole Vetter,1:04.110,1:02.876,1:02.909,1:02.766,1:02.897,1:02.969,1:02.693,1:02.698,1:02.750,1:02.567,,,,
Round 2,2025-09-06,ROTAX Junior Max,PF,Caleb Smith,1:05.720,1:03.514,1:04.124,1:03.564,1:03.710,1:02.987,1:03.333,1:03.471,1:03.722,1:03.261,,,,
Round 2,2025-09-06,ROTAX Junior Max,PF,Preston Fisher,1:05.379,1:03.656,1:03.757,1:03.350,1:03.826,1:03.412,1:03.367,1:03.612,1:03.658,1:03.215,,,,
Round 2,2025-09-06,ROTAX Junior Max,PF,Kaden Harter,1:05.953,1:02.459,1:02.793,1:03.309,1:02.685,1:02.530,1:02.337,1:02.059,1:02.353,1:02.206,,,,
Round 2,2025-09-06,T4 Junior,PF,Derek Wargo,1:07.705,1:05.873,1:06.000,1:05.969,1:05.974,1:06.087,1:05.827,1:06.113,1:06.003,1:05.831,,,,
Round 2,2025-09-06,T4 Junior,PF,Clay O'brien,1:09.287,1:07.948,1:07.980,1:08.001,1:07.485,1:08.517,1:08.353,1:07.553,1:07.814,1:08.080,,,,
Round 2,2025-09-06,T4 Junior,PF,Wyatt Cataldo,1:10.551,1:08.356,,,,,,,,,,,,
Round 2,2025-09-06,T4 Junior,PF,Ashlyn Taylor,1:10.676,1:10.183,1:10.091,1:09.111,1:08.570,1:09.242,1:09.177,1:09.006,1:09.939,1:08.780,,,,
Round 2,2025-09-06,T4 Junior,PF,Anna Mccrone,1:10.717,1:09.329,1:09.153,1:09.112,1:08.803,1:09.294,1:09.633,1:09.294,1:09.514,1:09.033,,,,
Round 2,2025-09-06,T4 Senior,PF,Ian Quinn,1:08.597,1:07.292,1:07.300,1:07.320,1:07.610,1:07.109,1:07.274,1:07.442,1:07.339,1:07.896,,,,
Round 2,2025-09-06,T4 Senior,PF,Alexandre Thebaud,1:09.455,1:08.250,1:08.380,1:07.725,1:07.729,1:07.571,1:07.898,1:08.158,1:07.593,1:08.084,,,,
Round 2,2025-09-06,T4 Senior,PF,Lucas Mccrone,1:12.002,1:10.951,1:10.269,,,,,,,,,,,
Round 2,2025-09-06,T4 Senior,PF,Liam Engelmann,1:12.248,1:09.832,1:10.318,1:09.439,1:09.911,1:09.806,1:09.989,1:10.217,1:11.138,1:09.878,,,,
Round 2,2025-09-06,T4 Senior,PF,Joe Bechtold,1:09.263,1:07.308,1:06.656,1:07.208,1:06.740,1:06.128,1:06.464,1:06.764,1:06.537,1:06.587,,,,
Round 2,2025-09-06,206 Junior/390/Senior,F,Gabriel Payne,1:11.449,1:09.503,1:08.846,1:09.116,1:09.096,1:09.316,1:08.970,1:08.712,1:09.037,1:08.917,1:09.004,1:09.061,1:08.842,1:11.269
Round 2,2025-09-06,206 Junior/390/Senior,F,Preston Fisher,1:12.695,1:09.927,1:09.622,1:09.687,1:09.573,1:09.560,1:09.600,1:09.479,1:09.838,1:10.215,1:10.140,1:10.217,1:10.124,1:09.783
Round 2,2025-09-06,206 Junior/390/Senior,F,Wyatt Cataldo,1:12.679,1:09.873,1:09.632,1:09.961,1:10.156,1:10.075,1:10.210,1:09.847,1:10.454,1:10.110,1:10.288,1:10.307,1:10.291,1:09.988
Round 2,2025-09-06,206 Junior/390/Senior,F,Clay O'brien,1:11.605,1:09.492,1:08.850,1:08.890,1:09.078,1:09.190,1:08.967,1:08.708,1:09.045,1:08.916,1:09.006,1:09.060,1:08.896,1:11.048
Round 2,2025-09-06,206 Junior/390/Senior,F,Eric Baun,1:13.841,1:10.547,1:10.294,1:10.344,1:10.410,1:10.238,1:10.841,1:11.081,1:11.106,1:12.668,1:19.455,1:13.014,1:10.774,1:11.057
Round 2,2025-09-06,206 Junior/390/Senior,F,Carlos Myers,1:22.202,1:20.103,1:18.700,1:18.680,1:18.173,1:17.597,1:17.953,1:20.132,1:17.069,1:19.453,1:19.128,1:17.748,1:18.042,
Round 2,2025-09-06,206 Mini/Cadet / T4 Mini,F,Aiden Harbaugh,1:16.807,1:11.832,1:12.204,1:11.748,1:13.109,1:12.191,1:16.629,1:12.330,1:12.653,1:12.685,1:12.442,1:13.068,,
Round 2,2025-09-06,206 Mini/Cadet / T4 Mini,F,Dominic Borelli,1:29.270,1:24.594,1:28.193,1:25.448,1:25.542,1:24.011,1:25.296,1:27.664,1:30.382,1:27.976,1:48.812,,,
Round 2,2025-09-06,Piston Kup/Bambino,F,Gunner Surace,1:44.346,1:42.733,1:44.206,1:42.974,2:05.459,,,,,,,,,
Round 3,2025-09-07,206 Junior/390/Senior,P,Preston Fisher,1:11.880,1:10.315,1:09.808,1:09.943,1:09.317,,,,,,,,,
Round 3,2025-09-07,206 Junior/390/Senior,P,Giovanni Blackerby,1:10.051,1:09.518,1:09.051,1:08.707,1:08.880,,,,,,,,,
Round 3,2025-09-07,206 Junior/390/Senior,P,Gabriel Payne,1:09.875,1:08.977,1:09.405,1:08.550,1:08.157,,,,,,,,,
Round 3,2025-09-07,206 Junior/390/Senior,P,Wyatt Cataldo,1:11.079,1:10.460,1:10.248,1:10.122,,,,,,,,,,
Round 3,2025-09-07,206 Junior/390/Senior,P,Clay O'brien,1:10.537,1:10.000,1:09.382,1:09.405,1:09.246,,,,,,,,,
Round 3,2025-09-07,206 Mini/Cadet / T4 Mini,P,Dominic Borelli,1:40.389,1:33.625,,,,,,,,,,,,
Round 3,2025-09-07,206 Mini/Cadet / T4 Mini,P,Lucas Schreiber,1:12.373,1:14.158,1:12.023,,,,,,,,,,,
Round 3,2025-09-07,206 Mini/Cadet / T4 Mini,P,Aiden Harbaugh,1:12.404,1:12.077,,,,,,,,,,,,
Round 3,2025-09-07,ROTAX Junior Max / IAME KA Senior,P,Kaden Harter,1:04.966,1:02.339,1:02.011,1:02.140,,,,,,,,,,
Round 3,2025-09-07,ROTAX Junior Max / IAME KA Senior,P,Caleb Smith,1:03.032,1:01.924,1:02.562,1:02.089,,,,,,,,,,
Round 3,2025-09-07,ROTAX Junior Max / IAME KA Senior,P,Colin Schreiber,1:03.536,1:02.382,1:02.995,1:01.979,,,,,,,,,,
Round 3,2025-09-07,ROTAX Junior Max / IAME KA Senior,P,Gabriel Payne,1:01.767,1:00.916,1:01.069,1:01.406,,,,,,,,,,
Round 3,2025-09-07,ROTAX Junior Max / IAME KA Senior,P,Preston Fisher,1:02.617,1:03.698,1:02.424,1:02.616,,,,,,,,,,
Round 3,2025-09-07,ROTAX Junior Max / IAME KA Senior,P,Cole Vetter,1:02.769,1:02.482,1:02.841,1:03.177,,,,,,,,,,
Round 3,2025-09-07,T4 Junior,P,Derek Wargo,1:05.562,1:05.635,1:05.494,1:05.600,1:05.469,,,,,,,,,
Round 3,2025-09-07,T4 Junior,P,Clay O'brien,1:05.702,1:05.561,1:05.607,1:05.658,1:05.475,,,,,,,,,
Round 3,2025-09-07,T4 Junior,P,Wyatt Cataldo,1:05.752,1:05.735,1:06.063,1:06.035,1:05.836,,,,,,,,,
Round 3,2025-09-07,T4 Junior,P,Anna Mccrone,1:08.648,1:07.830,1:07.943,1:07.981,1:07.867,,,,,,,,,
Round 3,2025-09-07,T4 Junior,P,Ashlyn Taylor,1:08.611,1:07.857,1:08.089,1:07.779,1:07.961,,,,,,,,,
Round 3,2025-09-07,T4 Senior,P,Liam Engelmann,1:08.971,1:09.537,,,,,,,,,,,,
Round 3,2025-09-07,T4 Senior,P,Alexandre Thebaud,1:11.327,1:07.577,1:07.557,1:06.858,1:06.754,,,,,,,,,
Round 3,2025-09-07,T4 Senior,P,Kaden Harter,1:07.820,1:07.783,,,,,,,,,,,,
Round 3,2025-09-07,Piston Kup/Bambino,P,Gunner Surace,2:48.943,1:51.395,,,,,,,,,,,,
Round 3,2025-09-07,Piston Kup/Bambino,P,Grayson Miller,1:36.258,1:32.829,1:30.594,1:30.777,,,,,,,,,,
Round 3,2025-09-07,206 Junior/390/Senior,Q,Preston Fisher,1:12.173,1:10.044,1:09.734,1:09.470,1:10.292,,,,,,,,,
Round 3,2025-09-07,206 Junior/390/Senior,Q,Giovanni Blackerby,1:10.041,1:09.198,1:08.874,1:09.029,,,,,,,,,,
Round 3,2025-09-07,206 Junior/390/Senior,Q,Gabriel Payne,1:09.196,1:08.824,1:08.503,1:08.885,1:08.635,,,,,,,,,
Round 3,2025-09-07,206 Junior/390/Senior,Q,Wyatt Cataldo,1:10.787,1:10.165,1:09.852,1:09.267,1:09.758,,,,,,,,,
Round 3,2025-09-07,206 Junior/390/Senior,Q,Clay O'brien,1:10.119,1:09.130,1:08.884,1:09.013,1:09.177,,,,,,,,,
Round 3,2025-09-07,206 Mini/Cadet / T4 Mini,Q,Dominic Borelli,1:28.672,1:28.887,1:27.274,,,,,,,,,,,
Round 3,2025-09-07,206 Mini/Cadet / T4 Mini,Q,Lucas Schreiber,1:13.007,1:12.024,1:11.648,1:11.210,,,,,,,,,,
Round 3,2025-09-07,206 Mini/Cadet / T4 Mini,Q,Aiden Harbaugh,1:12.785,1:12.469,1:12.021,1:12.677,,,,,,,,,,
Round 3,2025-09-07,ROTAX Junior Max / IAME KA Senior,Q,Caleb Smith,1:02.165,1:01.997,1:01.968,1:01.586,1:02.062,,,,,,,,,
Round 3,2025-09-07,ROTAX Junior Max / IAME KA Senior,Q,Colin Schreiber,1:02.106,1:01.737,1:01.610,1:01.525,1:01.044,,,,,,,,,
Round 3,2025-09-07,ROTAX Junior Max / IAME KA Senior,Q,Gabriel Payne,1:00.655,1:00.565,1:01.064,1:00.566,1:00.630,,,,,,,,,
Round 3,2025-09-07,ROTAX Junior Max / IAME KA Senior,Q,Preston Fisher,1:02.675,1:02.886,1:02.461,1:02.121,1:02.507,,,,,,,,,
Round 3,2025-09-07,ROTAX Junior Max / IAME KA Senior,Q,Cole Vetter,1:01.406,1:01.456,1:01.675,1:01.982,1:01.398,,,,,,,,,
Round 3,2025-09-07,T4 Junior,Q,Derek Wargo,1:05.629,1:06.068,1:05.743,1:06.493,1:05.793,1:05.514,,,,,,,,
Round 3,2025-09-07,T4 Junior,Q,Clay O'brien,1:06.242,1:05.927,1:06.119,1:06.224,1:05.796,1:05.427,,,,,,,,
Round 3,2025-09-07,T4 Junior,Q,Wyatt Cataldo,1:06.152,1:06.011,1:05.956,1:06.365,1:07.007,1:05.805,,,,,,,,
Round 3,2025-09-07,T4 Junior,Q,Anna Mccrone,1:07.514,1:07.930,1:07.874,1:07.761,1:07.490,1:07.733,,,,,,,,
Round 3,2025-09-07,T4 Junior,Q,Ashlyn Taylor,1:07.791,1:07.481,1:07.681,1:07.923,1:07.717,1:07.615,,,,,,,,
Round 3,2025-09-07,T4 Senior,Q,Joe Bechtold,1:07.255,1:06.248,1:09.411,1:06.518,1:06.622,1:08.618,,,,,,,,
Round 3,2025-09-07,T4 Senior,Q,Liam Engelmann,1:08.073,1:08.505,1:09.247,1:09.053,1:08.806,,,,,,,,,
Round 3,2025-09-07,T4 Senior,Q,Alexandre Thebaud,1:06.685,1:06.387,1:09.906,1:06.643,1:06.219,1:08.356,,,,,,,,
Round 3,2025-09-07,T4 Senior,Q,Ian Quinn,1:05.174,1:05.306,1:05.457,1:05.496,1:05.267,1:05.353,,,,,,,,
Round 3,2025-09-07,T4 Senior,Q,Kaden Harter,1:07.634,1:07.600,1:07.478,1:07.686,1:07.651,,,,,,,,,
Round 3,2025-09-07,Piston Kup/Bambino,Q,Gunner Surace,1:44.245,1:42.937,1:46.840,,,,,,,,,,,
Round 3,2025-09-07,Piston Kup/Bambino,Q,Grayson Miller,1:26.828,1:26.091,1:26.390,1:41.624,,,,,,,,,,
Round 3,2025-09-07,206 Junior/390/Senior,PF,Gabriel Payne,1:10.975,1:08.960,1:08.716,1:08.486,1:08.540,1:08.300,1:08.244,1:08.159,1:08.477,1:09.396,,,,
Round 3,2025-09-07,206 Junior/390/Senior,PF,Giovanni Blackerby,1:11.551,1:09.448,1:09.077,1:09.028,1:08.690,1:08.495,1:09.334,1:08.942,1:09.472,1:08.921,,,,
Round 3,2025-09-07,206 Junior/390/Senior,PF,Clay O'brien,1:11.149,1:08.744,1:08.711,1:08.526,1:08.569,1:08.234,1:08.466,1:07.954,1:08.464,1:09.597,,,,
Round 3,2025-09-07,206 Junior/390/Senior,PF,Wyatt Cataldo,1:12.700,1:10.070,1:10.374,1:09.468,1:09.273,1:09.210,1:08.926,1:09.349,1:09.212,1:10.607,,,,
Round 3,2025-09-07,206 Junior/390/Senior,PF,Preston Fisher,1:12.499,1:10.023,1:10.254,1:09.583,1:09.272,1:09.140,1:09.001,1:09.293,1:09.268,1:10.590,,,,
Round 3,2025-09-07,206 Junior/390/Senior,PF,Eric Baun,1:13.371,1:10.540,1:10.632,1:10.595,1:10.425,1:10.714,1:10.199,1:10.214,1:10.263,1:10.832,,,,
Round 3,2025-09-07,206 Mini/Cadet / T4 Mini,PF,Lucas Schreiber,1:14.737,1:12.088,1:11.468,1:11.190,1:11.848,1:11.870,1:11.510,1:11.960,,,,,,
Round 3,2025-09-07,206 Mini/Cadet / T4 Mini,PF,Aiden Harbaugh,1:14.570,1:16.649,1:11.356,1:11.896,1:12.087,1:11.465,1:11.528,1:12.325,,,,,,
Round 3,2025-09-07,206 Mini/Cadet / T4 Mini,PF,Dominic Borelli,1:25.338,1:27.837,1:30.644,1:29.192,1:28.989,1:29.664,1:29.650,,,,,,,
Round 3,2025-09-07,ROTAX Junior Max / IAME KA Senior,PF,Gabriel Payne,1:02.238,1:01.358,1:00.914,1:01.478,1:01.002,1:00.781,1:01.247,1:00.777,1:00.785,1:00.439,,,,
Round 3,2025-09-07,ROTAX Junior Max / IAME KA Senior,PF,Colin Schreiber,1:04.186,1:02.215,1:02.135,1:02.155,1:01.538,1:01.623,1:01.931,1:01.835,1:02.135,1:02.426,,,,
Round 3,2025-09-07,ROTAX Junior Max / IAME KA Senior,PF,Cole Vetter,1:03.262,1:02.209,1:01.790,1:02.129,1:01.509,1:01.741,1:01.855,1:01.636,1:01.583,1:01.589,,,,
Round 3,2025-09-07,ROTAX Junior Max / IAME KA Senior,PF,Preston Fisher,1:03.396,1:02.120,1:01.825,1:02.172,1:01.900,1:01.875,1:01.765,1:01.807,1:01.500,1:01.360,,,,
Round 3,2025-09-07,ROTAX Junior Max / IAME KA Senior,PF,Kaden Harter,1:05.545,1:02.141,1:02.307,1:02.136,1:02.267,1:02.208,1:02.122,1:01.915,1:01.780,1:01.732,,,,
Round 3,2025-09-07,T4 Junior,PF,Clay O'brien,1:05.772,1:05.468,1:05.370,1:05.276,1:05.493,1:05.243,1:07.963,,,,,,,
Round 3,2025-09-07,T4 Junior,PF,Derek Wargo,1:06.235,1:06.129,1:05.215,1:05.292,1:05.016,1:05.462,1:05.120,1:05.511,1:05.445,1:05.446,,,,
Round 3,2025-09-07,T4 Junior,PF,Wyatt Cataldo,1:06.146,1:06.725,1:05.497,1:05.510,1:05.375,1:05.746,1:05.943,1:05.748,1:05.957,1:06.424,,,,
Round 3,2025-09-07,T4 Junior,PF,Ashlyn Taylor,1:08.583,1:07.333,1:07.549,1:07.187,1:07.690,1:07.325,1:07.545,1:07.726,1:07.242,1:07.590,,,,
Round 3,2025-09-07,T4 Junior,PF,Anna Mccrone,1:07.777,1:07.188,1:07.088,1:07.516,1:07.259,1:07.041,1:07.626,1:07.428,1:07.879,1:07.436,,,,
Round 3,2025-09-07,T4 Senior,PF,Ian Quinn,1:06.572,1:05.709,1:05.865,1:05.829,1:05.566,1:05.782,1:05.724,1:05.796,1:06.000,1:06.080,,,,
Round 3,2025-09-07,T4 Senior,PF,Alexandre Thebaud,1:07.735,1:06.920,1:06.187,1:06.285,1:06.552,1:06.739,1:06.499,1:06.466,1:06.685,1:06.612,,,,
Round 3,2025-09-07,T4 Senior,PF,Joe Bechtold,1:07.423,1:06.458,1:06.293,1:07.738,1:07.217,1:06.976,1:06.787,1:06.928,1:07.196,1:06.785,,,,
Round 3,2025-09-07,T4 Senior,PF,Kaden Harter,1:08.943,1:06.918,1:06.931,1:07.033,1:06.961,1:06.966,1:06.868,1:07.154,1:07.005,1:06.936,,,,
Round 3,2025-09-07,T4 Senior,PF,Liam Engelmann,1:09.944,1:08.398,1:09.415,1:09.958,1:09.231,1:09.809,1:09.302,1:09.163,1:09.320,1:09.870,,,,
Round 3,2025-09-07,206 Junior/390/Senior,F,Gabriel Payne,1:09.942,1:08.790,1:08.524,1:08.774,1:08.374,1:08.621,1:08.327,1:08.323,1:08.509,1:08.380,1:08.622,1:08.299,1:08.822,1:08.379
Round 3,2025-09-07,206 Junior/390/Senior,F,Clay O'brien,1:11.904,1:09.078,1:08.591,1:08.426,1:08.648,1:08.629,1:08.624,1:08.665,1:08.731,1:08.410,1:08.656,1:08.365,1:08.446,1:08.811
Round 3,2025-09-07,206 Junior/390/Senior,F,Giovanni Blackerby,1:12.430,1:09.073,1:09.093,1:08.801,1:08.621,1:08.361,1:08.322,1:08.309,1:08.476,1:08.260,1:08.546,1:08.419,1:08.536,1:08.869
Round 3,2025-09-07,206 Junior/390/Senior,F,Preston Fisher,1:12.528,1:09.465,1:08.979,1:09.432,1:08.886,1:09.442,1:08.895,1:08.973,1:09.339,1:08.925,1:09.276,1:08.979,1:09.000,1:09.539
Round 3,2025-09-07,206 Junior/390/Senior,F,Wyatt Cataldo,1:11.967,1:09.361,1:09.364,1:09.159,1:09.370,1:09.649,1:08.847,1:09.253,1:09.120,1:09.225,1:09.405,1:09.011,1:08.985,1:09.279
Round 3,2025-09-07,206 Junior/390/Senior,F,Eric Baun,1:13.619,1:09.841,1:09.804,1:10.277,1:10.068,1:10.009,1:09.872,1:09.825,1:10.022,1:09.629,1:10.786,1:10.100,1:10.149,1:10.126
Round 3,2025-09-07,206 Mini/Cadet / T4 Mini,F,Lucas Schreiber,1:13.650,1:11.166,1:11.716,1:11.822,1:12.206,1:11.645,1:12.282,1:11.859,1:11.900,1:11.441,1:11.316,1:11.548,,
Round 3,2025-09-07,206 Mini/Cadet / T4 Mini,F,Aiden Harbaugh,1:13.741,1:11.382,1:20.861,1:12.061,1:13.242,1:12.699,1:12.222,1:14.278,1:12.556,1:13.009,1:11.619,1:12.068,,
Round 3,2025-09-07,206 Mini/Cadet / T4 Mini,F,Dominic Borelli,1:27.864,1:25.097,1:26.189,1:23.295,1:23.572,1:24.007,1:26.268,1:24.865,1:26.434,1:25.325,1:26.985,,,
Round 3,2025-09-07,ROTAX Junior Max / IAME KA Senior,F,Gabriel Payne,1:02.137,1:01.502,1:01.131,1:01.398,1:00.782,1:00.632,1:00.814,1:00.902,1:03.679,,,,,
Round 3,2025-09-07,ROTAX Junior Max / IAME KA Senior,F,Cole Vetter,1:04.141,1:02.565,1:02.716,1:02.233,1:02.358,1:01.871,1:01.702,1:01.864,1:01.919,1:02.048,1:02.203,1:01.616,1:01.857,1:02.519
Round 3,2025-09-07,ROTAX Junior Max / IAME KA Senior,F,Preston Fisher,1:03.882,1:02.727,1:02.612,1:02.317,1:02.079,1:01.869,1:01.822,1:02.036,1:01.909,1:01.985,1:02.710,1:02.189,1:02.459,1:03.410
Round 3,2025-09-07,ROTAX Junior Max / IAME KA Senior,F,Colin Schreiber,1:05.269,1:02.735,1:02.412,1:02.007,1:02.201,1:01.466,1:02.133,1:02.209,1:02.365,1:02.123,1:01.594,1:01.877,1:01.977,1:03.425
Round 3,2025-09-07,ROTAX Junior Max / IAME KA Senior,F,Kaden Harter,1:05.321,1:02.841,1:02.258,1:02.147,1:01.834,1:01.832,1:01.854,,,,,,,
Round 3,2025-09-07,T4 Junior,F,Derek Wargo,1:05.842,1:05.130,1:04.985,1:04.944,1:04.996,1:04.980,1:05.338,1:05.034,1:05.455,1:05.310,1:05.250,1:05.396,1:05.371,1:05.218
Round 3,2025-09-07,T4 Junior,F,Wyatt Cataldo,1:07.356,1:05.955,1:05.669,1:05.906,1:06.638,1:06.264,1:06.439,1:09.204,1:08.846,1:09.668,1:09.264,1:08.697,1:08.850,1:08.338
Round 3,2025-09-07,T4 Junior,F,Anna Mccrone,1:09.032,1:08.060,1:08.136,1:07.910,1:07.933,1:08.117,1:08.039,1:08.142,1:15.272,1:07.843,1:08.831,1:10.520,1:08.206,1:08.992
Round 3,2025-09-07,T4 Junior,F,Ashlyn Taylor,1:09.115,1:08.132,1:08.025,1:07.870,1:07.788,1:08.344,1:07.904,1:07.981,1:09.110,1:08.072,1:08.033,1:07.798,1:07.808,1:07.976
Round 3,2025-09-07,T4 Junior,F,Clay O'brien,1:06.610,1:05.536,1:05.481,1:05.216,1:05.681,1:09.128,1:06.156,1:09.377,1:08.822,1:09.732,1:09.169,1:08.531,1:08.861,1:08.677
Round 3,2025-09-07,T4 Senior,F,Ian Quinn,1:07.404,1:06.877,1:06.214,1:06.110,1:05.998,1:06.449,1:05.914,1:05.916,1:06.157,1:06.327,1:06.513,1:06.249,1:06.068,1:06.243
Round 3,2025-09-07,T4 Senior,F,Alexandre Thebaud,1:08.883,1:06.941,1:06.697,1:06.954,1:06.999,1:06.769,1:06.642,1:06.736,1:06.952,1:06.468,1:06.498,1:06.632,1:06.671,1:06.917
Round 3,2025-09-07,T4 Senior,F,Joe Bechtold,1:07.337,1:07.123,1:06.099,1:06.525,1:06.137,1:06.263,1:06.051,1:05.920,1:06.456,1:06.266,1:06.366,1:06.130,1:06.334,1:06.165
Round 3,2025-09-07,T4 Senior,F,Kaden Harter,1:08.895,1:07.028,1:06.957,1:06.932,1:07.087,1:07.034,1:07.138,1:07.257,1:07.303,1:07.089,1:07.244,1:07.409,1:07.627,1:07.328
Round 3,2025-09-07,T4 Senior,F,Liam Engelmann,1:13.812,1:09.296,1:09.288,1:09.453,1:08.865,1:10.090,1:08.828,1:09.469,1:09.419,1:08.657,1:14.124,1:10.673,1:08.820,1:08.919
Round 3,2025-09-07,Piston Kup/Bambino,F,Grayson Miller,1:26.874,1:33.051,1:27.260,1:38.376,1:29.776,1:33.498,,,,,,,,
Round 3,2025-09-07,Piston Kup/Bambino,F,Gunner Surace,1:42.049,1:45.597,,,,,,,,,,,,
Round 4,2025-10-11,206 Mini/Cadet,Q,Joseph Panico,1:11.244,1:10.663,1:11.036,,,,,,,,,,,
Round 4,2025-10-11,206 Mini/Cadet,Q,Ashlyn Taylor,1:13.856,1:12.510,1:12.735,,,,,,,,,,,
Round 4,2025-10-11,206 Mini/Cadet,Q,Weston Davis,1:18.180,,,,,,,,,,,,,
Round 4,2025-10-11,206 Mini/Cadet,Q,Aiden Harbaugh,1:11.202,1:11.415,1:11.447,,,,,,,,,,,
Round 4,2025-10-11,206 Mini/Cadet,Q,Grayson Miller,1:25.585,1:17.641,1:17.905,,,,,,,,,,,
Round 4,2025-10-11,T4 Junior,Q,Anna Mccrone,1:08.758,1:08.841,1:08.726,,,,,,,,,,,
Round 4,2025-10-11,T4 Junior,Q,Ashlyn Taylor,1:14.042,1:08.742,1:08.586,,,,,,,,,,,
Round 4,2025-10-11,T4 Junior,Q,Lucas Mccrone,1:09.288,1:09.809,1:09.468,,,,,,,,,,,
Round 4,2025-10-11,206 Sr/Master,Q,Eric Baun,1:10.995,,,,,,,,,,,,,
Round 4,2025-10-11,206 Sr/Master,Q,Kyle Davis,1:11.825,,,,,,,,,,,,,
Round 4,2025-10-11,206 Sr/Master,Q,Chad Karnik,1:16.064,1:21.837,,,,,,,,,,,,
Round 4,2025-10-11,206 Sr/Master,Q,Nicholas Jadue,1:10.253,,,,,,,,,,,,,
Round 4,2025-10-11,206 Sr/Master,Q,Calvi Teste,1:13.033,,,,,,,,,,,,,
Round 4,2025-10-11,2-Stroke,Q,Scott Smith,1:04.960,1:04.766,,,,,,,,,,,,
Round 4,2025-10-11,2-Stroke,Q,Chris Stephens,1:08.036,1:06.866,1:06.308,,,,,,,,,,,
Round 4,2025-10-11,2-Stroke,Q,Kaden Harter,1:02.829,1:02.573,1:02.994,,,,,,,,,,,
Round 4,2025-10-11,2-Stroke,Q,Blade Fountain,1:02.036,1:02.382,1:02.739,,,,,,,,,,,
Round 4,2025-10-11,2-Stroke,Q,Keith Bowerman,1:06.121,1:05.933,1:06.710,,,,,,,,,,,
Round 4,2025-10-11,2-Stroke,Q,Giovanni Blackerby,1:06.989,1:03.397,1:04.408,,,,,,,,,,,
Round 4,2025-10-11,Piston Cup/Bambino,H1,Gunner Surace,1:42.006,1:39.838,1:43.617,1:42.398,1:42.565,1:44.875,,,,,,,,
Round 4,2025-10-11,206 Mini/Cadet,H1,Joseph Panico,1:13.416,1:12.209,1:12.256,1:11.928,1:11.726,1:12.464,1:12.187,1:11.902,,,,,,
Round 4,2025-10-11,206 Mini/Cadet,H1,Aiden Harbaugh,1:13.553,1:12.104,1:12.606,1:11.610,1:11.703,1:13.312,1:11.458,1:12.294,,,,,,
Round 4,2025-10-11,206 Mini/Cadet,H1,Ashlyn Taylor,1:14.680,1:12.849,1:12.699,1:12.681,1:12.785,1:12.696,1:12.758,1:13.211,,,,,,
Round 4,2025-10-11,206 Mini/Cadet,H1,Grayson Miller,1:20.274,1:17.820,1:18.754,1:21.047,1:19.729,1:17.877,1:17.292,1:16.572,,,,,,
Round 4,2025-10-11,206 Mini/Cadet,H1,Weston Davis,1:19.167,1:17.946,1:18.652,1:21.352,1:19.654,1:48.361,1:18.329,,,,,,,
Round 4,2025-10-11,206 Mini/Cadet,H1,Lucas Schreiber,1:19.833,1:14.225,1:13.411,1:12.888,1:12.522,1:12.672,1:12.725,1:14.854,,,,,,
Round 4,2025-10-11,T4 Junior,H1,Ashlyn Taylor,1:09.866,1:08.708,1:08.436,1:08.556,1:08.720,1:08.488,1:09.028,1:08.522,1:08.752,1:08.803,,,,
Round 4,2025-10-11,T4 Junior,H1,Lucas Mccrone,1:09.969,1:09.080,1:09.054,1:09.979,1:09.352,1:09.497,1:09.863,1:09.300,1:09.760,1:08.891,,,,
Round 4,2025-10-11,206 Senior/Master,H1,Nicholas Jadue,1:10.720,1:10.954,1:09.987,1:10.188,1:10.659,1:10.698,1:10.804,1:10.234,1:10.653,,,,,
Round 4,2025-10-11,206 Senior/Master,H1,Eric Baun,1:12.225,1:11.032,1:11.263,1:11.064,1:11.190,1:11.906,1:11.545,1:11.479,1:11.173,,,,,
Round 4,2025-10-11,206 Senior/Master,H1,Kyle Davis,1:12.885,1:13.691,1:11.763,1:11.526,1:11.928,1:12.044,1:12.018,1:12.064,1:12.921,,,,,
Round 4,2025-10-11,206 Senior/Master,H1,Calvi Teste,1:12.305,1:11.596,1:11.355,1:10.645,1:10.696,1:11.038,1:11.481,1:11.763,1:11.028,,,,,
Round 4,2025-10-11,206 Senior/Master,H1,Chad Karnik,1:15.390,1:16.093,1:15.243,1:16.027,1:15.731,1:15.554,1:15.483,1:16.033,,,,,,
Round 4,2025-10-11,206 Senior/Master,H1,Cj Karnik,1:20.418,,,,,,,,,,,,,
Round 4,2025-10-11,2-Stroke,H1,Blade Fountain,1:02.281,1:02.353,1:02.183,1:01.982,1:02.270,1:02.127,1:02.436,1:02.028,1:02.514,,,,,
Round 4,2025-10-11,2-Stroke,H1,Kaden Harter,1:02.858,1:03.000,1:02.868,1:02.963,1:02.970,1:03.026,1:03.046,1:03.086,1:02.928,,,,,
Round 4,2025-10-11,2-Stroke,H1,Giovanni Blackerby,1:04.023,1:03.205,1:02.996,1:03.163,1:03.605,1:03.994,,,,,,,,
Round 4,2025-10-11,2-Stroke,H1,Scott Smith,1:04.830,1:04.503,1:04.156,1:04.924,1:04.841,1:04.838,1:04.962,1:05.039,1:05.165,,,,,
Round 4,2025-10-11,2-Stroke,H1,Keith Bowerman,1:04.661,1:05.347,1:04.639,1:03.893,1:04.423,1:04.695,1:04.540,1:04.297,1:04.963,,,,,
Round 4,2025-10-11,2-Stroke,H1,Chris Stephens,1:06.865,1:06.782,1:07.183,1:07.101,1:07.265,1:07.062,1:06.720,1:06.574,1:07.885,,,,,
Round 4,2025-10-11,206 Mini/Cadet,H2,Joseph Panico,1:11.833,1:11.519,1:11.719,1:12.082,1:11.852,1:11.545,,,,,,,,
Round 4,2025-10-11,206 Mini/Cadet,H2,Aiden Harbaugh,1:12.201,1:12.361,1:12.195,1:12.584,1:11.172,1:11.827,,,,,,,,
Round 4,2025-10-11,206 Mini/Cadet,H2,Ashlyn Taylor,1:12.859,1:12.515,1:12.366,1:13.531,1:12.395,1:12.727,,,,,,,,
Round 4,2025-10-11,206 Mini/Cadet,H2,Grayson Miller,1:15.801,1:17.219,1:17.785,1:19.132,1:19.505,1:19.842,,,,,,,,
Round 4,2025-10-11,206 Mini/Cadet,H2,Weston Davis,1:16.167,1:17.603,1:17.670,1:18.994,1:19.737,1:19.781,,,,,,,,
Round 4,2025-10-11,206 Mini/Cadet,H2,Lucas Schreiber,1:13.090,1:12.746,1:12.371,1:12.266,1:12.357,1:12.585,,,,,,,,
Round 4,2025-10-11,T4 Junior,H2,Lucas Mccrone,1:09.709,1:10.341,1:09.586,1:09.096,1:08.945,1:09.559,1:09.838,1:10.287,1:09.794,1:09.183,,,,
Round 4,2025-10-11,T4 Junior,H2,Ashlyn Taylor,1:15.069,,,,,,,,,,,,,
Round 4,2025-10-11,206 Senior/Master,H2,Cj Karnik,1:20.281,1:16.773,,,,,,,,,,,,
Round 4,2025-10-11,206 Senior/Master,H2,Chad Karnik,1:20.316,1:15.023,,,,,,,,,,,,
Round 4,2025-10-11,206 Senior/Master,H2,Calvi Teste,1:16.878,1:12.174,1:11.131,1:11.731,1:11.304,,,,,,,,,
Round 4,2025-10-11,206 Senior/Master,H2,Kyle Davis,1:17.280,1:13.454,1:12.488,1:12.331,1:12.226,1:12.465,1:28.304,1:13.148,1:12.815,1:12.414,,,,
Round 4,2025-10-11,206 Senior/Master,H2,Eric Baun,1:17.033,1:11.935,1:11.669,1:11.125,1:11.300,1:12.356,1:22.985,1:13.660,1:11.608,1:11.872,,,,
Round 4,2025-10-11,206 Senior/Master,H2,Nicholas Jadue,1:16.315,1:11.749,1:10.800,1:10.531,1:10.531,1:10.374,1:10.111,1:10.214,1:10.236,1:10.009,,,,
Round 4,2025-10-11,2-Stroke,H2,Chris Stephens,1:08.676,1:07.191,1:05.982,1:05.738,1:05.549,1:05.819,1:05.445,1:05.736,1:05.499,1:05.659,,,,
Round 4,2025-10-11,2-Stroke,H2,Keith Bowerman,1:06.589,1:03.723,1:04.926,1:03.843,1:03.789,1:04.542,1:04.648,1:05.087,1:04.636,1:04.274,,,,
Round 4,2025-10-11,2-Stroke,H2,Scott Smith,1:08.550,1:05.168,1:04.212,1:04.538,1:04.768,1:05.688,1:05.242,1:05.566,1:06.387,1:06.740,,,,
Round 4,2025-10-11,2-Stroke,H2,Giovanni Blackerby,1:09.009,1:04.548,1:04.141,1:04.700,1:04.507,1:05.811,1:03.488,1:03.458,1:03.454,1:03.257,,,,
Round 4,2025-10-11,2-Stroke,H2,Blade Fountain,1:08.217,1:03.376,1:02.376,1:01.833,1:01.825,1:01.776,1:01.628,1:01.749,1:02.372,1:01.906,,,,
Round 4,2025-10-11,206 Mini/Cadet,F,Joseph Panico,1:12.530,1:11.748,1:11.474,1:11.289,1:13.167,1:11.633,1:11.208,1:10.993,1:11.726,1:11.186,,,,
Round 4,2025-10-11,206 Mini/Cadet,F,Aiden Harbaugh,1:13.891,1:12.747,1:20.101,1:12.185,1:11.157,1:12.187,1:11.031,1:11.267,1:12.641,1:10.908,,,,
Round 4,2025-10-11,206 Mini/Cadet,F,Lucas Schreiber,1:13.630,1:12.836,1:13.348,1:12.373,1:12.128,1:12.274,1:12.328,1:12.122,1:12.044,1:11.974,,,,
Round 4,2025-10-11,206 Mini/Cadet,F,Ashlyn Taylor,1:14.813,1:12.180,1:13.779,1:12.273,1:12.857,1:13.055,1:12.642,1:12.632,1:13.459,1:12.277,,,,
Round 4,2025-10-11,206 Mini/Cadet,F,Grayson Miller,1:19.992,1:16.415,1:18.577,1:23.354,1:16.083,1:19.710,1:18.998,1:18.761,1:18.673,1:19.724,,,,
Round 4,2025-10-11,206 Mini/Cadet,F,Weston Davis,1:18.331,1:17.702,1:18.386,1:19.475,1:19.236,1:20.433,1:19.099,1:18.687,1:18.871,1:19.664,,,,
Round 4,2025-10-11,T4 Junior,F,Lucas Mccrone,1:09.931,1:09.032,1:09.865,1:08.580,1:09.085,1:08.724,1:08.936,1:09.195,1:10.199,1:08.997,1:09.262,1:09.195,,
Round 4,2025-10-11,T4 Junior,F,Ashlyn Taylor,1:09.626,1:08.630,1:08.984,1:08.588,1:08.907,1:08.429,1:08.872,1:08.872,1:08.741,1:08.485,1:08.733,1:09.016,,
Round 4,2025-10-11,206 Senior/Masters,F,Nicholas Jadue,1:13.297,1:10.474,1:10.602,1:10.386,1:11.285,1:10.211,1:10.676,,,,,,,
Round 4,2025-10-11,206 Senior/Masters,F,Eric Baun,1:14.812,1:11.580,1:13.610,1:12.508,1:11.469,1:11.274,1:11.233,1:11.398,1:10.689,1:11.210,1:10.655,1:11.144,,
Round 4,2025-10-11,206 Senior/Masters,F,Kyle Davis,1:14.544,1:11.630,1:13.933,1:13.484,1:11.451,1:11.027,1:11.130,1:10.946,1:11.205,1:10.837,1:10.553,1:11.107,,
Round 4,2025-10-11,206 Senior/Masters,F,Cj Karnik,1:18.432,1:16.339,1:16.329,1:15.263,1:16.234,1:16.680,1:15.279,1:18.031,1:17.093,1:16.830,,,,
Round 4,2025-10-11,206 Senior/Masters,F,Ryan English,1:14.994,1:11.969,1:13.888,1:12.795,1:11.835,1:12.391,1:13.322,1:13.888,1:14.482,1:14.901,1:14.109,1:15.676,,
Round 4,2025-10-11,2-Stroke,F,Blade Fountain,1:06.357,1:02.250,1:01.883,1:02.032,1:02.192,1:01.997,1:01.874,1:02.093,1:01.624,1:01.858,,,,
Round 4,2025-10-11,2-Stroke,F,Keith Bowerman,1:06.803,1:03.749,1:03.417,1:04.208,1:03.745,1:03.664,1:03.459,1:03.924,1:04.302,1:03.777,,,,
Round 4,2025-10-11,2-Stroke,F,Scott Smith,1:07.542,1:05.728,1:05.404,1:05.054,1:03.661,1:04.124,1:05.791,1:06.502,1:05.696,1:06.238,,,,
Round 4,2025-10-11,2-Stroke,F,Giovanni Blackerby,1:07.561,1:05.626,,,,,,,,,,,,
Round 4,2025-10-11,2-Stroke,F,Chris Stephens,1:08.890,1:05.694,1:05.220,1:04.933,1:04.950,1:05.416,1:05.899,1:05.636,1:05.874,1:05.072,,,,
Round 5,2025-10-12,Mini/Cadet,P,Logan Pollack,1:14.679,1:12.474,1:11.512,1:10.993,1:11.810,,,,,,,,,
Round 5,2025-10-12,Mini/Cadet,P,Anthony Ciofani,1:14.500,1:11.991,1:11.729,1:11.572,1:11.692,,,,,,,,,
Round 5,2025-10-12,Mini/Cadet,P,Ashlyn Taylor,1:13.244,1:13.310,1:12.190,1:12.012,1:12.357,,,,,,,,,
Round 5,2025-10-12,Mini/Cadet,P,Lucas Schreiber,1:12.275,1:11.740,1:11.887,1:11.388,,,,,,,,,,
Round 5,2025-10-12,Mini/Cadet,P,Aiden Harbaugh,1:14.012,1:18.219,1:10.217,1:10.124,1:15.041,,,,,,,,,
Round 5,2025-10-12,Mini/Cadet,P,Dominic Borelli,1:27.139,1:24.245,1:23.318,1:26.336,,,,,,,,,,
Round 5,2025-10-12,Kid Kart,P,Gunner Surace,1:54.333,1:45.137,,,,,,,,,,,,
Round 5,2025-10-12,Junior,P,Jenson Janda,1:09.483,,,,,,,,,,,,,
Round 5,2025-10-12,Junior,P,Gavin Patterson,1:10.245,,,,,,,,,,,,,
Round 5,2025-10-12,Junior,P,Colin Schreiber,1:02.345,1:02.413,,,,,,,,,,,,
Round 5,2025-10-12,Junior,P,Giovanni Blackerby,1:02.411,1:02.571,,,,,,,,,,,,
Round 5,2025-10-12,Junior,P,Kristopher Mccrone,1:10.438,,,,,,,,,,,,,
Round 5,2025-10-12,Junior,P,Anna Mccrone,1:08.529,1:08.788,,,,,,,,,,,,
Round 5,2025-10-12,Junior,P,Ashlyn Taylor,1:08.000,1:08.093,,,,,,,,,,,,
Round 5,2025-10-12,Senior/Master,P,Eric Baun,1:12.525,1:12.174,1:11.432,1:11.616,,,,,,,,,,
Round 5,2025-10-12,Senior/Master,P,Kyle Davis,1:12.984,1:13.750,1:11.598,,,,,,,,,,,
Round 5,2025-10-12,Senior/Master,P,Cameron Dovgan,1:14.391,1:13.871,1:16.668,1:13.496,,,,,,,,,,
Round 5,2025-10-12,Senior/Master,P,Scott Smith,1:11.990,1:12.220,1:12.962,1:11.800,,,,,,,,,,
Round 5,2025-10-12,Senior/Master,P,Galvin Dovgan,1:11.901,1:17.346,1:11.134,1:10.187,,,,,,,,,,
Round 5,2025-10-12,Senior/Master,P,Chris Stephens,1:04.604,1:03.773,1:03.854,1:04.138,1:03.908,,,,,,,,,
Round 5,2025-10-12,Kid Kart,P,Gunner Surace,2:00.877,1:53.595,,,,,,,,,,,,
Round 5,2025-10-12,Mini/Cadet,P,Joseph Panico,1:11.304,1:11.798,1:11.166,1:10.863,,,,,,,,,,
Round 5,2025-10-12,Mini/Cadet,P,Logan Pollack,1:11.457,1:10.845,1:11.606,1:10.761,,,,,,,,,,
Round 5,2025-10-12,Mini/Cadet,P,Anthony Ciofani,1:11.496,1:10.880,1:11.640,1:10.773,,,,,,,,,,
Round 5,2025-10-12,Mini/Cadet,P,Ashlyn Taylor,1:12.210,1:12.062,1:12.086,1:11.973,,,,,,,,,,
Round 5,2025-10-12,Mini/Cadet,P,Lucas Schreiber,1:12.275,1:12.334,1:12.391,1:11.297,,,,,,,,,,
Round 5,2025-10-12,Mini/Cadet,P,Aiden Harbaugh,1:11.155,1:11.854,1:24.029,1:11.102,,,,,,,,,,
Round 5,2025-10-12,Mini/Cadet,P,Dominic Borelli,1:23.326,1:20.305,1:20.722,1:22.237,,,,,,,,,,
Round 5,2025-10-12,Junior,P,Jenson Janda,1:10.771,1:10.139,1:09.274,1:13.130,1:09.177,,,,,,,,,
Round 5,2025-10-12,Junior,P,Gavin Patterson,1:11.628,1:10.586,1:09.935,1:14.039,1:09.505,,,,,,,,,
Round 5,2025-10-12,Junior,P,Colin Schreiber,1:02.397,1:02.430,1:02.462,1:01.929,,,,,,,,,,
Round 5,2025-10-12,Junior,P,Giovanni Blackerby,1:02.628,1:02.293,1:02.236,1:02.606,,,,,,,,,,
Round 5,2025-10-12,Junior,P,Kristopher Mccrone,1:10.723,1:09.661,1:10.060,1:11.319,1:10.989,,,,,,,,,
Round 5,2025-10-12,Junior,P,Anna Mccrone,1:08.849,1:09.169,1:09.610,1:08.876,1:08.829,1:09.258,,,,,,,,
Round 5,2025-10-12,Junior,P,Ashlyn Taylor,1:07.992,1:08.117,1:08.150,1:07.945,1:07.631,1:08.224,,,,,,,,
Round 5,2025-10-12,Junior,P,Lucas Mccrone,1:08.300,1:08.236,1:08.614,1:08.213,1:08.487,1:08.619,,,,,,,,
Round 5,2025-10-12,Senior/Master,P,Eric Baun,1:11.043,1:10.820,1:11.465,1:10.961,1:11.961,,,,,,,,,
Round 5,2025-10-12,Senior/Master,P,Kyle Davis,1:11.533,1:10.957,1:10.648,1:10.245,1:10.450,,,,,,,,,
Round 5,2025-10-12,Senior/Master,P,Scott Smith,1:11.720,1:11.643,1:11.654,1:10.989,1:11.062,,,,,,,,,
Round 5,2025-10-12,Senior/Master,P,Galvin Dovgan,1:10.744,1:11.311,1:12.101,1:11.023,1:10.530,,,,,,,,,
Round 5,2025-10-12,Senior/Master,P,Chris Stephens,1:04.613,1:04.676,1:04.192,1:04.306,1:05.422,,,,,,,,,
Round 5,2025-10-12,Mini/Cadet,Q,Joseph Panico,1:10.499,1:10.568,1:11.161,,,,,,,,,,,
Round 5,2025-10-12,Mini/Cadet,Q,Logan Pollack,1:10.853,1:10.960,1:10.610,,,,,,,,,,,
Round 5,2025-10-12,Mini/Cadet,Q,Anthony Ciofani,1:10.790,1:11.020,1:10.613,,,,,,,,,,,
Round 5,2025-10-12,Mini/Cadet,Q,Ashlyn Taylor,1:12.070,1:11.894,1:11.730,,,,,,,,,,,
Round 5,2025-10-12,Mini/Cadet,Q,Lucas Schreiber,1:11.718,1:11.709,1:12.125,,,,,,,,,,,
Round 5,2025-10-12,Mini/Cadet,Q,Aiden Harbaugh,1:16.186,1:11.081,1:10.537,,,,,,,,,,,
Round 5,2025-10-12,Mini/Cadet,Q,Dominic Borelli,1:24.370,1:19.498,1:16.969,,,,,,,,,,,
Round 5,2025-10-12,206 Senior/Masters,Q,Eric Baun,1:10.870,1:10.832,1:10.972,,,,,,,,,,,
Round 5,2025-10-12,206 Senior/Masters,Q,Kyle Davis,1:11.012,1:11.089,1:10.866,,,,,,,,,,,
Round 5,2025-10-12,206 Senior/Masters,Q,Chad Karnik,1:17.744,1:15.343,1:15.436,,,,,,,,,,,
Round 5,2025-10-12,206 Senior/Masters,Q,Cj Karnik,1:44.447,1:16.120,,,,,,,,,,,,
Round 5,2025-10-12,206 Senior/Masters,Q,Cameron Dovgan,1:13.828,1:17.268,1:13.001,,,,,,,,,,,
Round 5,2025-10-12,206 Senior/Masters,Q,Scott Smith,1:11.153,1:10.681,1:10.755,,,,,,,,,,,
Round 5,2025-10-12,206 Senior/Masters,Q,Galvin Dovgan,1:10.406,1:09.576,1:10.149,,,,,,,,,,,
Round 5,2025-10-12,206/T4 Junior,Q,Jenson Janda,1:10.053,1:16.342,1:09.119,,,,,,,,,,,
Round 5,2025-10-12,206/T4 Junior,Q,Gavin Patterson,1:10.978,1:10.385,1:09.703,,,,,,,,,,,
Round 5,2025-10-12,206/T4 Junior,Q,Kristopher Mccrone,1:07.908,1:08.012,1:07.897,,,,,,,,,,,
Round 5,2025-10-12,206/T4 Junior,Q,Anna Mccrone,1:08.403,1:09.453,1:09.037,,,,,,,,,,,
Round 5,2025-10-12,206/T4 Junior,Q,Ashlyn Taylor,1:08.328,1:07.868,1:07.625,,,,,,,,,,,
Round 5,2025-10-12,206/T4 Junior,Q,Lucas Mccrone,1:07.708,1:07.431,1:09.405,,,,,,,,,,,
Round 5,2025-10-12,2-Stroke,Q,Chris Stephens,1:05.162,1:04.684,1:04.480,,,,,,,,,,,
Round 5,2025-10-12,2-Stroke,Q,Ian Quinn,1:01.397,1:01.771,1:01.607,,,,,,,,,,,
Round 5,2025-10-12,2-Stroke,Q,Colin Schreiber,1:02.143,1:01.863,1:02.093,,,,,,,,,,,
Round 5,2025-10-12,2-Stroke,Q,Giovanni Blackerby,1:02.431,1:01.997,1:01.894,,,,,,,,,,,
Round 5,2025-10-12,Kid Kart,H1,Gunner Surace,1:46.969,1:58.489,1:57.466,2:06.038,2:13.562,2:13.933,,,,,,,,
Round 5,2025-10-12,Mini/Cadet,H1,Joseph Panico,1:11.822,1:12.520,1:11.119,1:11.134,1:11.226,1:12.082,1:10.982,,,,,,,
Round 5,2025-10-12,Mini/Cadet,H1,Aiden Harbaugh,1:11.979,1:12.382,1:11.109,1:11.492,1:10.835,1:12.502,1:10.882,,,,,,,
Round 5,2025-10-12,Mini/Cadet,H1,Logan Pollack,1:11.072,1:12.419,1:11.099,1:13.325,1:10.794,1:11.643,1:10.875,,,,,,,
Round 5,2025-10-12,Mini/Cadet,H1,Anthony Ciofani,1:11.814,1:12.136,1:10.954,1:11.487,1:11.071,1:12.305,1:10.958,,,,,,,
Round 5,2025-10-12,Mini/Cadet,H1,Lucas Schreiber,1:12.354,1:13.925,1:11.617,1:11.590,1:11.390,1:11.743,1:11.270,,,,,,,
Round 5,2025-10-12,Mini/Cadet,H1,Ashlyn Taylor,1:11.956,1:12.923,1:11.620,1:12.012,1:12.032,1:11.467,1:11.834,,,,,,,
Round 5,2025-10-12,Mini/Cadet,H1,Dominic Borelli,1:21.294,1:17.093,1:20.361,1:17.776,1:18.722,1:17.339,1:14.674,,,,,,,
Round 5,2025-10-12,Mini/Cadet,H1,Grayson Miller,1:16.547,1:16.501,1:16.176,1:17.698,1:16.897,1:23.795,,,,,,,,
Round 5,2025-10-12,206 Senior/Masters,H1,Galvin Dovgan,1:14.436,1:10.704,1:10.249,1:10.239,1:10.322,1:10.417,1:10.045,1:09.999,1:10.025,1:10.192,,,,
Round 5,2025-10-12,206 Senior/Masters,H1,Scott Smith,1:16.051,1:10.546,1:11.711,1:11.084,1:10.917,1:10.204,1:11.437,1:11.688,1:11.000,1:10.880,,,,
Round 5,2025-10-12,206 Senior/Masters,H1,Eric Baun,1:14.608,1:10.700,1:10.307,1:10.508,1:10.587,1:10.889,1:10.757,1:11.138,1:10.600,1:10.844,,,,
Round 5,2025-10-12,206 Senior/Masters,H1,Kyle Davis,1:15.339,1:10.558,1:12.054,1:10.751,1:10.953,1:10.519,1:10.608,1:10.596,1:10.765,1:11.063,,,,
Round 5,2025-10-12,206 Senior/Masters,H1,Cameron Dovgan,1:17.227,1:13.482,1:12.815,1:13.731,1:13.416,1:13.448,1:13.223,1:13.865,1:13.817,1:14.307,,,,
Round 5,2025-10-12,206 Senior/Masters,H1,Chad Karnik,1:18.570,1:14.520,1:14.610,1:14.593,1:14.667,1:14.677,1:14.627,1:14.842,1:13.924,1:14.874,,,,
Round 5,2025-10-12,206 Senior/Masters,H1,Cj Karnik,1:19.254,1:15.685,1:15.700,1:15.715,1:15.989,1:15.462,,,,,,,,
Round 5,2025-10-12,206/T4 Junior,H1,Lucas Mccrone,7:30.005,1:09.450,1:08.290,1:08.461,1:08.413,1:08.941,1:08.153,1:07.400,1:08.211,,,,,
Round 5,2025-10-12,206/T4 Junior,H1,Ashlyn Taylor,7:30.011,1:09.925,1:08.177,1:08.513,1:08.387,1:08.862,1:08.513,1:07.933,1:07.906,,,,,
Round 5,2025-10-12,206/T4 Junior,H1,Jenson Janda,7:29.713,1:11.155,1:09.137,1:09.404,1:09.169,1:09.244,1:09.197,1:08.918,1:09.008,,,,,
Round 5,2025-10-12,206/T4 Junior,H1,Gavin Patterson,7:29.902,1:12.154,1:09.775,1:09.593,1:09.324,1:09.796,1:09.608,1:09.564,1:09.885,,,,,
Round 5,2025-10-12,2-Stroke,H1,Ian Quinn,1:03.674,1:00.879,1:00.908,1:00.924,1:01.050,1:01.017,1:01.242,1:01.044,1:01.113,1:00.843,,,,
Round 5,2025-10-12,2-Stroke,H1,Colin Schreiber,1:06.992,1:02.788,1:03.402,1:03.028,1:02.395,1:02.870,1:02.675,1:02.773,1:03.082,1:02.988,,,,
Round 5,2025-10-12,2-Stroke,H1,Giovanni Blackerby,1:07.245,1:02.428,1:02.519,1:02.053,1:01.874,1:02.262,1:02.171,1:02.280,1:02.208,1:02.438,,,,
Round 5,2025-10-12,2-Stroke,H1,Chris Stephens,1:07.286,1:04.548,1:04.968,1:04.322,1:04.458,1:05.024,1:04.666,1:04.553,1:04.679,1:05.432,,,,
Round 5,2025-10-12,Kid Kart,H2,Gunner Surace,1:46.249,1:42.940,1:43.240,1:43.672,1:44.389,1:41.902,,,,,,,,
Round 5,2025-10-12,Mini/Cadet,H2,Dominic Borelli,1:17.595,1:15.718,1:20.114,1:14.973,1:17.685,1:18.916,1:17.479,1:17.851,,,,,,
Round 5,2025-10-12,Mini/Cadet,H2,Ashlyn Taylor,1:15.986,1:11.558,1:11.720,1:11.718,1:11.587,1:11.840,1:12.223,1:12.229,,,,,,
Round 5,2025-10-12,Mini/Cadet,H2,Lucas Schreiber,1:13.558,1:12.835,1:11.386,1:11.201,1:11.304,1:11.351,1:11.425,1:11.489,,,,,,
Round 5,2025-10-12,Mini/Cadet,H2,Anthony Ciofani,1:13.910,1:11.319,1:11.135,1:11.167,1:10.855,1:10.787,1:10.788,1:11.456,,,,,,
Round 5,2025-10-12,Mini/Cadet,H2,Logan Pollack,1:14.379,1:11.192,1:11.137,1:11.165,1:10.885,1:10.744,1:10.814,1:11.882,,,,,,
Round 5,2025-10-12,Mini/Cadet,H2,Aiden Harbaugh,1:15.166,1:11.115,1:10.725,1:11.091,1:11.059,1:10.668,1:11.679,1:11.356,,,,,,
Round 5,2025-10-12,Mini/Cadet,H2,Joseph Panico,1:13.837,1:11.058,1:11.210,1:11.163,1:10.903,1:11.151,1:10.928,1:11.090,,,,,,
Round 5,2025-10-12,Mini/Cadet,H2,Grayson Miller,1:19.289,1:16.083,1:18.508,1:15.706,1:15.467,,,,,,,,,
Round 5,2025-10-12,206 Senior/Masters,H2,Chad Karnik,1:19.122,1:16.349,1:14.809,1:15.033,1:14.590,1:14.391,1:14.766,1:15.021,1:14.289,1:14.258,,,,
Round 5,2025-10-12,206 Senior/Masters,H2,Cameron Dovgan,1:17.110,1:13.297,1:13.573,1:13.936,1:13.597,1:13.738,1:13.876,1:13.721,1:14.242,1:13.594,,,,
Round 5,2025-10-12,206 Senior/Masters,H2,Kyle Davis,1:14.213,1:10.952,1:12.294,1:10.633,1:10.393,1:10.222,1:10.421,1:10.240,1:10.225,1:11.128,,,,
Round 5,2025-10-12,206 Senior/Masters,H2,Eric Baun,1:15.219,1:10.401,1:11.804,1:12.049,1:11.511,1:11.194,1:10.361,1:10.768,1:11.220,1:10.794,,,,
Round 5,2025-10-12,206 Senior/Masters,H2,Galvin Dovgan,1:14.134,1:10.817,1:11.767,1:10.517,1:09.918,1:09.820,1:09.952,1:09.691,1:09.856,1:09.926,,,,
Round 5,2025-10-12,206/T4 Junior,H2,Gavin Patterson,1:12.715,1:10.323,1:10.946,1:10.185,1:09.434,1:10.008,1:09.674,1:09.716,1:10.052,1:09.674,,,,
Round 5,2025-10-12,206/T4 Junior,H2,Jenson Janda,1:13.008,1:10.074,1:10.092,1:09.175,1:09.308,1:09.123,1:09.129,1:09.144,1:08.934,1:08.918,,,,
Round 5,2025-10-12,206/T4 Junior,H2,Anna Mccrone,1:08.370,1:07.285,1:07.233,1:06.938,1:07.129,1:07.567,1:07.716,1:07.380,1:07.184,1:07.560,,,,
Round 5,2025-10-12,206/T4 Junior,H2,Kristopher Mccrone,1:09.739,1:08.062,1:08.458,1:08.390,1:08.132,1:09.138,1:08.134,1:07.899,1:07.796,1:08.836,,,,
Round 5,2025-10-12,206/T4 Junior,H2,Ashlyn Taylor,1:10.548,1:08.189,1:07.859,1:08.821,1:07.960,1:09.056,1:07.788,1:08.315,1:07.440,1:08.388,,,,
Round 5,2025-10-12,206/T4 Junior,H2,Lucas Mccrone,1:10.039,1:08.355,1:08.026,1:08.337,1:08.356,1:08.110,1:08.218,1:07.906,1:07.738,1:08.063,,,,
Round 5,2025-10-12,2-Stroke,H2,Chris Stephens,1:15.115,1:04.723,1:03.963,1:04.236,1:04.763,1:04.495,1:04.675,1:04.711,1:04.260,1:04.253,,,,
Round 5,2025-10-12,2-Stroke,H2,Giovanni Blackerby,1:04.562,1:02.784,1:01.963,1:01.927,1:01.992,1:01.865,1:01.752,1:02.281,1:01.908,1:01.894,,,,
Round 5,2025-10-12,2-Stroke,H2,Colin Schreiber,1:05.657,1:01.842,1:02.124,1:01.807,1:01.978,1:01.829,1:02.296,1:02.139,1:01.993,1:01.489,,,,
Round 5,2025-10-12,2-Stroke,H2,Ian Quinn,1:04.512,1:02.115,1:00.446,1:00.446,1:00.553,1:00.510,1:00.657,1:00.794,1:00.654,1:00.535,,,,
Round 5,2025-10-12,Mini/Cadet,F,Anthony Ciofani,1:13.977,1:10.785,1:10.523,1:10.185,1:10.199,1:10.255,1:11.293,1:10.487,1:10.695,1:10.594,,,,
Round 5,2025-10-12,Mini/Cadet,F,Aiden Harbaugh,1:14.143,1:11.009,1:10.826,1:10.367,1:10.090,1:09.870,1:11.002,1:10.492,1:11.783,1:10.149,,,,
Round 5,2025-10-12,Mini/Cadet,F,Logan Pollack,1:13.963,1:10.781,1:10.526,1:10.191,1:10.191,1:10.277,1:11.152,1:10.664,1:10.622,1:10.644,,,,
Round 5,2025-10-12,Mini/Cadet,F,Lucas Schreiber,1:14.752,1:11.233,1:11.012,1:10.825,1:11.181,1:11.399,1:10.777,1:10.873,1:11.060,1:11.417,,,,
Round 5,2025-10-12,Mini/Cadet,F,Ashlyn Taylor,1:15.124,1:11.800,1:11.806,1:11.768,1:11.970,1:11.814,1:12.438,1:11.644,1:11.941,1:12.023,,,,
Round 5,2025-10-12,Mini/Cadet,F,Dominic Borelli,1:18.124,1:17.039,1:19.336,1:18.946,1:16.343,1:17.115,1:18.383,1:15.971,1:17.655,,,,,
Round 5,2025-10-12,206 Senior/Masters,F,Galvin Dovgan,1:14.129,1:10.960,1:10.731,1:09.963,1:09.894,1:10.011,1:10.101,1:10.145,1:10.179,1:10.317,1:09.999,1:09.929,,
Round 5,2025-10-12,206 Senior/Masters,F,Kyle Davis,1:28.563,1:11.873,1:11.063,1:11.098,1:11.324,1:10.511,1:10.994,1:10.897,1:10.505,1:10.602,1:10.465,1:11.066,,
Round 5,2025-10-12,206 Senior/Masters,F,Eric Baun,1:13.991,1:11.169,1:11.423,1:10.686,1:10.706,1:10.705,1:10.603,1:11.795,1:11.040,1:11.181,1:10.299,1:10.483,,
Round 5,2025-10-12,206 Senior/Masters,F,Scott Smith,1:14.885,1:11.620,1:10.844,1:10.690,1:10.356,1:10.341,1:10.554,1:11.278,1:10.569,1:11.675,1:10.201,1:10.798,,
Round 5,2025-10-12,206 Senior/Masters,F,Chad Karnik,1:25.499,1:16.560,1:16.306,1:14.400,1:14.239,1:14.232,1:14.200,1:14.217,1:17.118,1:14.385,1:14.207,1:14.162,,
Round 5,2025-10-12,206 Senior/Masters,F,Cj Karnik,1:28.673,1:18.861,1:18.823,1:17.443,1:17.968,1:18.141,1:18.486,1:20.208,1:19.538,1:17.878,1:19.332,,,
Round 5,2025-10-12,206/T4 Junior,F,Lucas Mccrone,1:08.783,1:08.231,1:07.352,1:07.755,1:06.907,1:07.612,1:07.795,1:07.411,1:07.746,1:07.107,1:07.324,1:07.596,,
Round 5,2025-10-12,206/T4 Junior,F,Ashlyn Taylor,1:14.201,1:08.266,1:07.853,1:07.614,1:07.250,1:07.627,1:07.657,1:07.979,1:07.581,1:07.549,1:07.780,1:08.615,,
Round 5,2025-10-12,206/T4 Junior,F,Anna Mccrone,1:08.811,1:08.097,1:06.891,1:07.263,1:07.108,1:07.361,1:06.997,1:06.819,1:07.068,1:06.978,1:06.722,1:07.151,,
Round 5,2025-10-12,206/T4 Junior,F,Jenson Janda,1:13.236,1:10.428,1:09.297,1:09.036,1:09.097,1:09.006,1:08.873,1:08.918,1:08.601,1:08.472,1:08.617,1:08.627,,
Round 5,2025-10-12,206/T4 Junior,F,Gavin Patterson,1:14.062,1:10.204,1:09.785,1:09.406,1:09.160,1:09.352,1:09.703,1:09.446,1:09.245,1:09.344,1:09.206,1:09.299,,
Round 6,2025-10-18,Kid Kart,Q,Gunner Surace,1:45.060,,,,,,,,,,,,,
Round 6,2025-10-18,206 Mini/Cadet,Q,Remy Boss,1:12.409,1:12.073,1:12.209,,,,,,,,,,,
Round 6,2025-10-18,206 Mini/Cadet,Q,Logan Pollack,1:12.347,1:10.771,1:10.899,,,,,,,,,,,
Round 6,2025-10-18,206 Mini/Cadet,Q,Anthony Ciofani,1:11.073,1:10.372,1:10.611,,,,,,,,,,,
Round 6,2025-10-18,206 Mini/Cadet,Q,Harrison Bell,1:12.445,1:11.974,1:12.135,,,,,,,,,,,
Round 6,2025-10-18,206 Mini/Cadet,Q,Ashlyn Taylor,1:12.479,1:11.860,1:13.141,,,,,,,,,,,
Round 6,2025-10-18,206 Mini/Cadet,Q,Mason Maki,1:12.555,1:11.865,1:13.408,,,,,,,,,,,
Round 6,2025-10-18,206 Mini/Cadet,Q,Weston Davis,1:20.776,1:19.455,1:19.443,,,,,,,,,,,
Round 6,2025-10-18,206 Mini/Cadet,Q,Aiden Harbaugh,1:12.100,1:11.013,1:11.406,,,,,,,,,,,
Round 6,2025-10-18,206 Mini/Cadet,Q,Grayson Miller,1:23.946,1:17.231,1:16.947,,,,,,,,,,,
Round 6,2025-10-18,206/T4 Senior/Masters,Q,Kyle Davis,1:11.558,1:15.330,1:11.433,,,,,,,,,,,
Round 6,2025-10-18,206/T4 Senior/Masters,Q,Rocker Smith,1:14.102,1:13.791,1:13.884,,,,,,,,,,,
Round 6,2025-10-18,206/T4 Senior/Masters,Q,Alex Cullenen,1:11.568,1:11.500,1:12.033,,,,,,,,,,,
Round 6,2025-10-18,206/T4 Senior/Masters,Q,Robert Cottell,1:14.248,1:11.577,,,,,,,,,,,,
Round 6,2025-10-18,206/T4 Senior/Masters,Q,Chad Karnik,1:13.505,1:13.809,1:13.377,,,,,,,,,,,
Round 6,2025-10-18,206/T4 Senior/Masters,Q,Cj Karnik,1:14.474,1:14.244,1:13.840,,,,,,,,,,,
Round 6,2025-10-18,206/T4 Senior/Masters,Q,Brandon Bell,1:11.483,1:10.797,1:10.322,,,,,,,,,,,
Round 6,2025-10-18,206/T4 Senior/Masters,Q,Galvin Dovgan,1:10.700,1:10.126,1:10.296,,,,,,,,,,,
Round 6,2025-10-18,206/T4 Senior/Masters,Q,James Stropko iv,1:09.947,1:09.872,1:10.058,,,,,,,,,,,
Round 6,2025-10-18,206/T4 Senior/Masters,Q,Blade Fountain,1:08.417,1:08.510,1:08.149,,,,,,,,,,,
Round 6,2025-10-18,206/T4 Senior/Masters,Q,Christopher Jones,1:12.725,1:11.796,1:11.138,,,,,,,,,,,
Round 6,2025-10-18,206 Junior,Q,Liam Sellery,1:12.250,1:11.476,,,,,,,,,,,,
Round 6,2025-10-18,206 Junior,Q,Gavin Patterson,1:10.284,1:09.993,1:09.709,,,,,,,,,,,
Round 6,2025-10-18,T4 Mini/Swift Mini,Q,Austin Harbaugh,1:19.449,1:16.107,1:26.005,,,,,,,,,,,
Round 6,2025-10-18,T4 Mini/Swift Mini,Q,Dominic Borelli,1:18.784,1:13.522,1:12.524,,,,,,,,,,,
Round 6,2025-10-18,T4 Junior,Q,Kristopher Mccrone,1:07.564,1:08.786,1:07.683,,,,,,,,,,,
Round 6,2025-10-18,T4 Junior,Q,Anna Mccrone,1:06.922,1:06.925,1:07.684,,,,,,,,,,,
Round 6,2025-10-18,T4 Junior,Q,Ashlyn Taylor,1:07.213,1:07.355,1:07.358,,,,,,,,,,,
Round 6,2025-10-18,T4 Junior,Q,Lucas Grucella,1:08.365,1:07.962,1:07.663,,,,,,,,,,,
Round 6,2025-10-18,T4 Junior,Q,Foster Smith,1:09.051,1:09.804,1:08.959,,,,,,,,,,,
Round 6,2025-10-18,2-Stroke,Q,William Richard,1:02.956,1:02.953,1:02.660,,,,,,,,,,,
Round 6,2025-10-18,2-Stroke,Q,Giovanni Blackerby,1:02.628,1:02.609,1:02.029,,,,,,,,,,,
Round 6,2025-10-18,2-Stroke,Q,Curtis Ziegler,1:11.300,1:10.102,1:10.313,,,,,,,,,,,
Round 6,2025-10-18,2-Stroke,Q,Remy Boss,1:09.563,1:08.576,1:08.790,,,,,,,,,,,
Round 6,2025-10-18,Kid Kart,H1,Remy Boss,1:29.009,1:29.471,1:28.829,1:27.620,1:28.124,,,,,,,,,
Round 6,2025-10-18,Kid Kart,H1,Gunner Surace,1:50.157,2:05.369,1:42.655,1:41.949,1:41.387,,,,,,,,,
Round 6,2025-10-18,206 Mini/Cadet,H1,Anthony Ciofani,1:13.142,1:10.622,1:11.036,1:10.523,1:10.904,1:10.525,1:10.788,1:11.070,,,,,,
Round 6,2025-10-18,206 Mini/Cadet,H1,Logan Pollack,1:13.040,1:10.767,1:10.924,1:10.489,1:11.041,1:10.794,1:10.777,1:10.659,,,,,,
Round 6,2025-10-18,206 Mini/Cadet,H1,Aiden Harbaugh,1:14.978,1:11.545,1:11.508,1:12.017,1:11.320,1:11.564,1:11.614,1:11.772,,,,,,
Round 6,2025-10-18,206 Mini/Cadet,H1,Ashlyn Taylor,1:16.777,1:13.577,1:12.443,1:13.531,1:12.465,1:13.149,1:12.945,1:12.509,,,,,,
Round 6,2025-10-18,206 Mini/Cadet,H1,Mason Maki,1:16.390,1:13.361,1:12.464,1:13.686,1:12.619,1:12.993,1:12.965,1:12.467,,,,,,
Round 6,2025-10-18,206 Mini/Cadet,H1,Harrison Bell,1:13.691,1:11.452,1:11.312,1:11.466,1:11.773,1:11.473,1:11.295,1:11.533,,,,,,
Round 6,2025-10-18,206 Mini/Cadet,H1,Remy Boss,1:15.317,1:13.591,1:12.733,1:13.338,1:12.696,1:13.118,1:12.834,1:12.790,,,,,,
Round 6,2025-10-18,206 Mini/Cadet,H1,Grayson Miller,1:18.730,1:18.167,1:18.259,1:18.881,1:20.819,1:18.953,1:19.734,1:18.768,,,,,,
Round 6,2025-10-18,206 Mini/Cadet,H1,Weston Davis,1:19.361,1:18.106,1:18.717,1:18.858,1:20.591,1:19.164,1:19.707,1:18.093,,,,,,
Round 6,2025-10-18,206/T4 Seniors/Masters,H1,Blade Fountain,1:12.241,1:08.872,1:08.095,1:08.430,1:08.243,1:08.315,1:08.147,1:08.439,1:08.376,1:08.789,,,,
Round 6,2025-10-18,206/T4 Seniors/Masters,H1,James Stropko iv,1:12.144,1:10.083,1:09.894,1:09.862,1:09.913,1:09.929,1:10.040,1:09.835,1:09.930,1:09.983,,,,
Round 6,2025-10-18,206/T4 Seniors/Masters,H1,Galvin Dovgan,1:13.767,1:10.137,1:11.271,1:10.431,1:09.975,1:10.045,1:10.906,1:10.091,1:10.328,1:10.318,,,,
Round 6,2025-10-18,206/T4 Seniors/Masters,H1,Brandon Bell,1:14.010,1:10.337,1:10.597,1:10.616,1:10.473,1:10.351,1:11.848,1:11.211,1:10.268,1:10.895,,,,
Round 6,2025-10-18,206/T4 Seniors/Masters,H1,Christopher Jones,1:14.597,1:10.509,1:11.064,1:11.474,1:10.883,1:10.637,1:10.639,1:10.254,1:10.983,1:11.113,,,,
Round 6,2025-10-18,206/T4 Seniors/Masters,H1,Kyle Davis,1:14.003,1:10.435,1:10.860,1:10.429,1:10.664,1:10.308,1:11.439,1:10.722,1:10.518,1:10.985,,,,
Round 6,2025-10-18,206/T4 Seniors/Masters,H1,Alex Cullenen,1:15.813,1:11.799,1:11.153,1:10.914,1:10.913,1:10.837,1:10.900,1:11.224,1:11.004,1:10.713,,,,
Round 6,2025-10-18,206/T4 Seniors/Masters,H1,Robert Cottell,1:14.372,1:11.430,1:11.466,1:11.095,1:10.871,1:10.979,1:11.186,1:11.169,1:11.272,1:11.178,,,,
Round 6,2025-10-18,206/T4 Seniors/Masters,H1,Chad Karnik,1:20.391,1:14.525,1:13.357,1:13.212,1:13.400,1:12.646,1:13.523,1:13.734,1:13.598,,,,,
Round 6,2025-10-18,206/T4 Seniors/Masters,H1,Rocker Smith,1:16.841,1:13.765,1:13.940,1:13.887,1:13.994,1:14.100,1:13.917,1:13.801,1:13.790,1:13.622,,,,
Round 6,2025-10-18,206/T4 Seniors/Masters,H1,Cj Karnik,1:19.771,1:14.755,1:14.554,1:14.727,1:14.074,1:13.933,1:15.270,1:14.797,1:15.022,1:37.363,,,,
Round 6,2025-10-18,206/T4 Seniors/Masters,H1,Cameron Dovgan,1:19.430,1:14.022,1:14.087,1:13.576,1:13.530,1:13.400,1:13.500,1:13.616,1:13.289,,,,,
Round 6,2025-10-18,206/T4 Seniors/Masters,H1,Scott Smith,1:16.878,1:09.675,1:09.438,1:09.262,1:10.356,1:09.155,1:09.777,1:08.965,1:08.635,1:08.461,,,,
Round 6,2025-10-18,206 Junior,H1,Gavin Patterson,1:11.675,1:10.436,1:09.924,1:10.051,1:10.037,1:10.219,1:10.096,1:09.918,1:10.321,1:10.270,,,,
Round 6,2025-10-18,206 Junior,H1,Liam Sellery,1:13.586,1:11.976,1:11.888,1:11.371,1:11.620,1:11.385,1:11.611,1:10.994,1:11.309,1:11.129,,,,
Round 6,2025-10-18,T4 Mini/Swift Mini,H1,Remy Boss,1:11.736,1:09.148,1:09.368,1:09.690,1:08.660,1:09.829,1:08.709,1:08.381,,,,,,
Round 6,2025-10-18,T4 Mini/Swift Mini,H1,Dominic Borelli,1:14.941,1:13.009,1:12.852,1:16.318,1:15.283,1:15.113,1:15.256,1:13.670,,,,,,
Round 6,2025-10-18,T4 Mini/Swift Mini,H1,Austin Harbaugh,1:24.838,1:24.389,1:23.410,1:23.456,1:25.904,1:21.501,1:22.489,,,,,,,
Round 6,2025-10-18,T4 Junior,H1,Anna Mccrone,1:07.829,1:07.740,1:08.157,1:07.969,1:08.929,1:07.765,1:07.657,1:08.124,1:08.785,,,,,
Round 6,2025-10-18,T4 Junior,H1,Ashlyn Taylor,1:09.511,1:08.063,1:07.829,1:07.538,1:07.711,1:08.588,1:07.777,1:07.698,1:07.903,1:08.429,,,,
Round 6,2025-10-18,T4 Junior,H1,Kristopher Mccrone,1:08.556,1:08.025,1:07.832,1:07.668,1:08.064,1:07.653,1:07.638,1:07.779,1:08.125,1:07.624,,,,
Round 6,2025-10-18,T4 Junior,H1,Lucas Grucella,1:09.021,1:07.901,1:08.589,1:07.664,1:07.637,1:08.403,1:08.128,1:08.086,1:08.501,1:08.273,,,,
Round 6,2025-10-18,T4 Junior,H1,Foster Smith,1:10.477,,,,,,,,,,,,,
Round 6,2025-10-18,2-Stroke,H1,Giovanni Blackerby,1:05.412,1:02.238,1:02.467,1:02.348,1:02.938,1:02.909,1:03.027,1:02.289,1:02.231,1:02.153,,,,
Round 6,2025-10-18,2-Stroke,H1,William Richard,1:04.626,1:02.548,1:02.613,1:02.760,1:03.914,1:03.084,1:03.238,1:02.703,1:02.649,1:02.833,,,,
Round 6,2025-10-18,2-Stroke,H1,Curtis Ziegler,1:13.423,1:09.699,1:09.892,1:09.328,1:09.149,1:09.806,1:09.755,1:08.960,1:13.683,,,,,
Round 6,2025-10-18,2-Stroke,H1,Colin Schreiber,1:04.592,1:02.677,1:02.499,1:02.550,1:02.997,1:02.755,1:03.468,1:02.495,1:02.899,1:03.263,,,,
Round 6,2025-10-18,Kid Kart,H2,Remy Boss,1:27.054,1:28.122,1:27.013,1:29.580,,,,,,,,,,
Round 6,2025-10-18,Kid Kart,H2,Gunner Surace,1:45.796,1:53.109,,,,,,,,,,,,
Round 6,2025-10-18,206 Mini/Cadet,H2,Anthony Ciofani,1:17.523,1:10.814,1:11.971,1:11.066,1:10.590,1:11.417,,,,,,,,
Round 6,2025-10-18,206 Mini/Cadet,H2,Logan Pollack,1:17.477,1:10.812,1:12.126,1:12.139,1:11.095,1:11.707,,,,,,,,
Round 6,2025-10-18,206 Mini/Cadet,H2,Aiden Harbaugh,1:19.390,1:14.481,1:15.463,1:16.248,,,,,,,,,,
Round 6,2025-10-18,206 Mini/Cadet,H2,Ashlyn Taylor,1:19.389,1:14.499,1:15.919,1:16.024,1:15.774,1:15.690,,,,,,,,
Round 6,2025-10-18,206 Mini/Cadet,H2,Mason Maki,1:18.794,1:14.808,1:15.954,1:16.015,1:13.130,1:12.907,,,,,,,,
Round 6,2025-10-18,206 Mini/Cadet,H2,Harrison Bell,1:18.937,1:13.744,1:11.509,1:11.202,1:10.757,1:11.368,,,,,,,,
Round 6,2025-10-18,206 Mini/Cadet,H2,Remy Boss,1:15.209,1:12.803,1:12.816,1:12.395,1:12.028,1:11.834,,,,,,,,
Round 6,2025-10-18,206 Mini/Cadet,H2,Grayson Miller,1:20.243,1:16.208,1:17.207,1:16.718,1:19.804,1:26.042,,,,,,,,
Round 6,2025-10-18,206 Mini/Cadet,H2,Weston Davis,1:18.560,1:15.331,1:15.862,1:16.260,,,,,,,,,,
Round 6,2025-10-18,206/T4 Seniors/Masters,H2,Blade Fountain,1:15.791,1:10.714,1:10.540,1:08.530,1:08.549,1:08.031,1:08.646,1:08.342,,,,,,
Round 6,2025-10-18,206/T4 Seniors/Masters,H2,James Stropko iv,1:15.974,1:10.697,1:10.298,1:08.863,1:09.172,1:08.483,1:09.470,1:08.556,,,,,,
Round 6,2025-10-18,206/T4 Seniors/Masters,H2,Galvin Dovgan,1:16.029,1:10.780,1:11.196,1:10.127,1:10.254,1:09.761,1:10.192,1:10.265,,,,,,
Round 6,2025-10-18,206/T4 Seniors/Masters,H2,Brandon Bell,1:16.599,1:20.085,1:11.243,1:10.536,1:10.911,1:10.657,1:10.754,1:10.823,,,,,,
Round 6,2025-10-18,206/T4 Seniors/Masters,H2,Christopher Jones,1:16.335,1:18.534,1:12.185,1:10.815,1:12.465,1:11.856,1:11.451,1:11.569,,,,,,
Round 6,2025-10-18,206/T4 Seniors/Masters,H2,Kyle Davis,1:15.976,1:11.311,1:12.447,1:11.466,1:10.853,1:10.385,1:11.089,1:10.945,,,,,,
Round 6,2025-10-18,206/T4 Seniors/Masters,H2,Alex Cullenen,1:17.005,1:12.185,1:10.496,1:11.239,1:11.133,1:10.813,1:11.069,1:10.760,,,,,,
Round 6,2025-10-18,206/T4 Seniors/Masters,H2,Robert Cottell,1:16.626,1:21.698,1:14.260,1:11.874,1:11.194,1:11.793,1:12.118,1:11.714,,,,,,
Round 6,2025-10-18,206/T4 Seniors/Masters,H2,Chad Karnik,1:21.615,1:15.458,1:16.969,1:14.605,1:13.245,1:14.177,1:13.571,1:13.518,,,,,,
Round 6,2025-10-18,206/T4 Seniors/Masters,H2,Rocker Smith,1:19.381,1:14.907,1:18.233,1:13.823,1:14.015,1:13.999,1:13.396,1:14.008,,,,,,
Round 6,2025-10-18,206/T4 Seniors/Masters,H2,Cj Karnik,1:19.538,1:15.444,1:17.153,1:16.137,1:15.164,1:15.155,1:15.069,1:15.586,,,,,,
Round 6,2025-10-18,206/T4 Seniors/Masters,H2,Scott Smith,1:16.287,1:10.369,1:10.791,1:08.899,1:08.529,1:08.415,1:08.635,1:08.169,,,,,,
Round 6,2025-10-18,206 Junior,H2,Gavin Patterson,1:14.345,1:09.973,1:10.110,1:09.609,1:09.910,1:10.007,1:09.883,1:10.288,,,,,,
Round 6,2025-10-18,206 Junior,H2,Liam Sellery,1:12.932,1:11.681,1:11.820,1:11.957,1:11.612,1:11.701,1:11.503,,,,,,,
Round 6,2025-10-18,T4 Mini/Swift Mini,H2,Remy Boss,1:07.220,1:07.675,1:08.273,1:08.326,1:08.643,,,,,,,,,
Round 6,2025-10-18,T4 Mini/Swift Mini,H2,Dominic Borelli,1:15.007,1:15.557,1:15.437,1:15.060,,,,,,,,,,
Round 6,2025-10-18,T4 Mini/Swift Mini,H2,Austin Harbaugh,1:17.145,1:18.632,1:21.288,1:18.953,1:19.190,,,,,,,,,
Round 6,2025-10-18,T4 Junior,H2,Anna Mccrone,1:09.396,1:09.551,1:08.935,1:09.560,1:09.910,1:09.052,1:09.097,1:09.365,,,,,,
Round 6,2025-10-18,T4 Junior,H2,Ashlyn Taylor,1:09.578,1:09.701,1:09.106,1:09.251,1:09.902,1:09.501,1:08.886,1:08.821,,,,,,
Round 6,2025-10-18,T4 Junior,H2,Kristopher Mccrone,1:09.751,1:09.736,1:09.272,1:09.183,1:08.704,1:08.092,1:07.330,1:07.476,,,,,,
Round 6,2025-10-18,T4 Junior,H2,Lucas Grucella,1:26.650,1:08.406,1:09.657,1:08.386,1:08.098,1:08.263,1:08.060,1:08.248,,,,,,
Round 6,2025-10-18,T4 Junior,H2,Foster Smith,1:10.115,1:09.655,1:09.274,1:09.387,1:10.245,1:08.927,1:09.134,1:09.133,,,,,,
Round 6,2025-10-18,2-Stroke,H2,Giovanni Blackerby,1:03.621,1:01.874,1:01.657,1:01.576,1:01.376,1:01.652,1:01.193,1:01.265,,,,,,
Round 6,2025-10-18,2-Stroke,H2,William Richard,1:05.127,1:03.529,1:03.383,1:02.938,1:02.981,1:02.654,1:02.980,1:02.748,,,,,,
Round 6,2025-10-18,2-Stroke,H2,Curtis Ziegler,1:09.799,1:08.271,1:07.578,1:08.379,1:08.499,1:08.056,1:08.137,1:09.879,,,,,,
Round 6,2025-10-18,2-Stroke,H2,Colin Schreiber,1:04.260,,,,,,,,,,,,,
Round 6,2025-10-18,206 Mini/Cadet,F,Anthony Ciofani,1:12.386,1:10.717,1:10.518,1:10.416,1:10.636,1:10.682,1:10.697,1:10.597,,,,,,
Round 6,2025-10-18,206 Mini/Cadet,F,Logan Pollack,1:12.878,1:12.035,1:11.857,1:10.247,1:10.573,1:10.993,1:10.500,1:11.141,,,,,,
Round 6,2025-10-18,206 Mini/Cadet,F,Harrison Bell,1:12.818,1:11.734,1:11.885,1:10.417,1:10.644,1:10.990,1:10.265,1:11.328,,,,,,
Round 6,2025-10-18,206 Mini/Cadet,F,Mason Maki,1:14.014,1:11.729,1:12.281,1:12.288,1:12.503,1:12.619,1:12.734,1:12.903,,,,,,
Round 6,2025-10-18,206 Mini/Cadet,F,Aiden Harbaugh,1:14.264,1:11.949,1:12.133,1:12.167,1:12.732,1:12.646,1:12.653,1:13.282,,,,,,
Round 6,2025-10-18,206 Mini/Cadet,F,Ashlyn Taylor,1:14.666,1:12.160,1:12.222,1:12.369,1:12.254,1:11.785,1:12.675,1:13.132,,,,,,
Round 6,2025-10-18,206 Mini/Cadet,F,Weston Davis,1:18.479,1:18.598,1:18.318,1:19.147,1:20.012,1:16.758,1:16.103,1:15.433,,,,,,
Round 6,2025-10-18,206 Mini/Cadet,F,Grayson Miller,1:18.232,1:18.455,1:18.396,1:19.154,1:19.748,1:16.230,1:15.929,1:16.888,,,,,,
Round 6,2025-10-18,206/T4 Senior/Masters,F,Blade Fountain,1:11.813,1:08.904,1:07.956,1:08.050,1:07.826,1:07.818,1:07.953,1:08.289,1:08.028,1:08.086,,,,
Round 6,2025-10-18,206/T4 Senior/Masters,F,Scott Smith,1:14.816,1:09.336,1:08.969,1:08.239,1:08.216,1:08.489,1:07.900,1:08.329,1:08.454,1:08.816,,,,
Round 6,2025-10-18,206/T4 Senior/Masters,F,James Stropko iv,1:11.645,1:09.045,1:08.224,1:07.982,1:07.878,1:07.881,1:07.956,1:08.304,1:08.003,1:07.974,,,,
Round 6,2025-10-18,206/T4 Senior/Masters,F,Galvin Dovgan,1:12.745,1:10.265,1:09.614,1:10.107,1:09.814,1:09.967,1:10.220,1:10.022,1:10.386,1:11.476,,,,
Round 6,2025-10-18,206/T4 Senior/Masters,F,Kyle Davis,1:14.050,1:11.264,1:12.791,1:11.624,1:10.914,1:10.783,1:10.606,1:10.684,1:10.727,1:10.567,,,,
Round 6,2025-10-18,206/T4 Senior/Masters,F,Christopher Jones,1:13.628,1:11.125,1:13.406,1:11.850,1:19.836,1:11.804,1:11.606,1:11.610,1:11.814,1:11.976,,,,
Round 6,2025-10-18,206/T4 Senior/Masters,F,Alex Cullenen,1:14.415,1:11.055,1:12.732,1:12.083,1:10.988,1:10.792,1:11.108,1:11.701,1:11.232,1:11.159,,,,
Round 6,2025-10-18,206/T4 Senior/Masters,F,Robert Cottell,1:14.810,1:11.461,1:12.067,1:12.427,1:11.006,1:10.664,1:11.152,1:11.322,1:11.691,1:11.376,,,,
Round 6,2025-10-18,206/T4 Senior/Masters,F,Rocker Smith,1:16.791,1:12.488,1:13.344,1:13.301,1:14.449,1:13.019,1:13.094,1:13.609,1:13.278,1:13.639,,,,
Round 6,2025-10-18,206/T4 Senior/Masters,F,Chad Karnik,1:18.138,1:13.214,1:13.637,1:12.719,1:13.101,1:13.222,1:13.393,1:13.704,1:12.941,1:13.372,,,,
Round 6,2025-10-18,206/T4 Senior/Masters,F,Cj Karnik,1:18.040,1:15.030,1:15.327,1:15.236,1:15.308,1:14.534,1:15.188,1:15.832,1:14.522,1:14.627,,,,
Round 6,2025-10-18,T4/Swift Mini,F,Remy Boss,1:10.065,1:08.151,1:08.253,1:07.816,1:08.079,1:07.982,1:07.883,1:08.667,,,,,,
Round 6,2025-10-18,T4/Swift Mini,F,Dominic Borelli,1:16.680,1:13.317,1:13.405,1:13.285,1:17.125,1:14.003,1:13.839,1:13.594,,,,,,
Round 6,2025-10-18,T4/Swift Mini,F,Austin Harbaugh,1:18.498,1:17.639,1:18.938,1:18.736,1:19.103,1:18.289,1:20.995,,,,,,,
Round 6,2025-10-18,206/T4 Junior,F,Kristopher Mccrone,1:07.977,1:07.740,1:07.944,1:07.279,1:07.028,1:06.953,1:09.172,1:07.812,1:06.895,1:07.311,,,,
Round 6,2025-10-18,206/T4 Junior,F,Ashlyn Taylor,1:08.671,1:07.728,1:07.653,1:07.602,1:07.144,1:06.698,1:08.782,1:07.748,1:07.268,1:07.020,,,,
Round 6,2025-10-18,206/T4 Junior,F,Anna Mccrone,1:08.123,1:07.731,1:07.819,1:07.534,1:06.751,1:07.219,1:08.345,1:07.082,1:07.555,1:06.848,,,,
Round 6,2025-10-18,206/T4 Junior,F,Foster Smith,1:10.357,1:10.587,1:11.129,1:10.363,1:10.161,1:10.854,1:10.558,1:11.058,1:10.689,1:10.925,,,,
Round 6,2025-10-18,206/T4 Junior,F,Lucas Grucella,1:08.737,1:08.413,1:08.001,1:07.574,1:07.418,1:07.756,1:08.318,1:07.978,1:07.928,1:07.892,,,,
Round 6,2025-10-18,206/T4 Junior,F,Gavin Patterson,1:12.217,1:10.539,1:09.912,1:09.843,1:09.760,1:09.661,1:13.057,1:09.914,1:09.676,1:11.533,,,,
Round 6,2025-10-18,2-Stroke,F,Giovanni Blackerby,1:03.295,1:01.739,1:01.605,1:01.367,1:01.422,1:01.874,1:01.195,1:01.355,1:01.370,1:01.444,,,,
Round 6,2025-10-18,2-Stroke,F,William Richard,1:04.826,1:02.369,1:02.827,1:02.807,1:03.149,1:02.803,1:02.649,1:03.222,1:02.650,1:04.081,,,,
Round 6,2025-10-18,2-Stroke,F,Colin Schreiber,1:03.783,1:02.448,1:02.916,1:02.864,1:03.198,1:02.558,1:03.032,1:02.998,1:03.334,1:03.423,,,,
Round 6,2025-10-18,2-Stroke,F,Curtis Ziegler,1:10.407,1:09.614,1:08.090,1:08.666,1:07.574,1:08.261,1:07.989,1:07.541,1:08.604,,,,,
