Round,Date,Class,Session,Pos,Kart#,Driver,Class Code,Laps,Avg Speed,Gap,Best Lap,Best On Lap,Team
Round 2,2025-09-06,206 Mini/Cadet / T4 Mini,P,1,924,Aiden Harbaugh,206MIN,2,33.65 MPH,,1:12.495,1,ASI
Round 2,2025-09-06,206 Mini/Cadet / T4 Mini,P,DNS,25,Dominic Borelli,T4MIN,0,,,,,Borelli Motorsports
Round 2,2025-09-06,206 Mini/Cadet / T4 Mini,P,1,924,Aiden Harbaugh,,2,33.65 MPH,-,1:12.495,1,ASI
Round 2,2025-09-06,206 Mini/Cadet / T4 Mini,P,DNS,25,Dominic Borelli,,0,,,,,Borelli Motorsports
Round 2,2025-09-06,ROTAX Junior Max,P,1,005,Kaden Harter,KASR,6,42.15 MPH,,1:02.270,6,M
Round 2,2025-09-06,ROTAX Junior Max,P,2,11,Caleb Smith,JRMAX,6,42.09 MPH,0.705,1:02.975,5,
Round 2,2025-09-06,ROTAX Junior Max,P,3,810,Cole Vetter,JRMAX,6,41.38 MPH,1.255,1:03.525,6,
Round 2,2025-09-06,ROTAX Junior Max,P,4,224,Preston Fisher,JRMAX,1,39.59 MPH,5.542,1:07.812,1,PKC
Round 2,2025-09-06,ROTAX Junior Max,P,DNS,45,Gabriel Payne,JRMAX,0,,,,,
Round 2,2025-09-06,ROTAX Junior Max,P,DNS,53,Anna Mccrone,JRMAX,0,,,,,
Round 2,2025-09-06,ROTAX Junior Max,P,DNS,899,Lucas Mccrone,KASR,0,,,,,
Round 2,2025-09-06,ROTAX Junior Max,P,1,005,Kaden Harter,,6,42.15 MPH,-,1:02.270,6,M
Round 2,2025-09-06,ROTAX Junior Max,P,DNS,899,Lucas Mccrone,,0,,,,,
Round 2,2025-09-06,ROTAX Junior Max,P,1,11,Caleb Smith,,6,42.09 MPH,-,1:02.975,5,
Round 2,2025-09-06,ROTAX Junior Max,P,2,810,Cole Vetter,,6,41.38 MPH,0.550,1:03.525,6,
Round 2,2025-09-06,ROTAX Junior Max,P,3,224,Preston Fisher,,1,39.59 MPH,4.837,1:07.812,1,PKC
Round 2,2025-09-06,ROTAX Junior Max,P,DNS,45,Gabriel Payne,,0,,,,,
Round 2,2025-09-06,ROTAX Junior Max,P,DNS,53,Anna Mccrone,,0,,,,,
Round 2,2025-09-06,T4 Junior,P,1,0,Derek Wargo,,4,40.47 MPH,,1:05.705,4,
Round 2,2025-09-06,T4 Junior,P,3,53,Anna Mccrone,,4,38.91 MPH,1.835,1:07.540,4,
Round 2,2025-09-06,T4 Junior,P,4,33,Wyatt Cataldo,,4,39.06 MPH,2.255,1:07.960,4,M
Round 2,2025-09-06,T4 Junior,P,5,80,Ashlyn Taylor,,4,38.76 MPH,2.407,1:08.112,4,M
Round 2,2025-09-06,T4 Senior,P,1,18,Joe Bechtold,,4,40.22 MPH,,1:05.775,3,Privateer
Round 2,2025-09-06,T4 Senior,P,2,79,Ian Quinn,,5,40.15 MPH,0.850,1:06.625,5,M
Round 2,2025-09-06,T4 Senior,P,3,899,Lucas Mccrone,,5,37.89 MPH,4.172,1:09.947,5,
Round 2,2025-09-06,T4 Senior,P,4,48,Liam Engelmann,,5,37.8 MPH,4.895,1:10.670,5,
Round 2,2025-09-06,T4 Senior,P,DNS,68,Alexandre Thebaud,,0,,,,,Privateer
Round 2,2025-09-06,Piston Kup/Bambino,P,1,6,Gunner Surace,,3,25.98 MPH,,1:41.125,3,M
Round 2,2025-09-06,206 Junior/390/Senior,Q,1,45,Gabriel Payne,206JR,6,38.31 MPH,,1:09.067,5,
Round 2,2025-09-06,206 Junior/390/Senior,Q,3,7,Preston Fisher,206JR,6,37.52 MPH,1.535,1:10.602,3,PKC
Round 2,2025-09-06,206 Junior/390/Senior,Q,4,33,Wyatt Cataldo,206JR,6,37.67 MPH,1.775,1:10.842,5,M
Round 2,2025-09-06,206 Junior/390/Senior,Q,5,3,Eric Baun,206-390,6,37.53 MPH,1.845,1:10.912,3,M
Round 2,2025-09-06,206 Junior/390/Senior,Q,6,86,Carlos Myers,206-390,5,33.5 MPH,9.497,1:18.564,5,M
Round 2,2025-09-06,206 Junior/390/Senior,Q,DNS,12094762,Erik hubert Kiszniewski,206SR,0,,,,,
Round 2,2025-09-06,206 Junior/390/Senior,Q,1,45,Gabriel Payne,,6,38.31 MPH,-,1:09.067,5,
Round 2,2025-09-06,206 Junior/390/Senior,Q,3,7,Preston Fisher,,6,37.52 MPH,1.535,1:10.602,3,PKC
Round 2,2025-09-06,206 Junior/390/Senior,Q,4,33,Wyatt Cataldo,,6,37.67 MPH,1.775,1:10.842,5,M
Round 2,2025-09-06,206 Junior/390/Senior,Q,1,3,Eric Baun,,6,37.53 MPH,-,1:10.912,3,M
Round 2,2025-09-06,206 Junior/390/Senior,Q,2,86,Carlos Myers,,5,33.5 MPH,7.652,1:18.564,5,M
Round 2,2025-09-06,206 Junior/390/Senior,Q,DNS,12094762,Erik hubert Kiszniewski,,0,,,,,
Round 2,2025-09-06,206 Mini/Cadet / T4 Mini,Q,1,924,Aiden Harbaugh,206MIN,5,37.03 MPH,,1:12.096,1,ASI
Round 2,2025-09-06,206 Mini/Cadet / T4 Mini,Q,2,25,Dominic Borelli,T4MIN,4,29.25 MPH,16.288,1:28.384,3,Borelli Motorsports
Round 2,2025-09-06,206 Mini/Cadet / T4 Mini,Q,1,924,Aiden Harbaugh,,5,37.03 MPH,-,1:12.096,1,ASI
Round 2,2025-09-06,206 Mini/Cadet / T4 Mini,Q,1,25,Dominic Borelli,,4,29.25 MPH,-,1:28.384,3,Borelli Motorsports
Round 2,2025-09-06,ROTAX Junior Max,Q,1,45,Gabriel Payne,JRMAX,7,43.31 MPH,,1:01.652,6,
Round 2,2025-09-06,ROTAX Junior Max,Q,2,005,Kaden Harter,KASR,7,42.9 MPH,0.513,1:02.165,6,M
Round 2,2025-09-06,ROTAX Junior Max,Q,3,810,Cole Vetter,JRMAX,7,42.62 MPH,0.842,1:02.494,6,
Round 2,2025-09-06,ROTAX Junior Max,Q,4,11,Caleb Smith,JRMAX,6,42.57 MPH,0.945,1:02.597,6,
Round 2,2025-09-06,ROTAX Junior Max,Q,DNS,224,Preston Fisher,JRMAX,0,,,,,PKC
Round 2,2025-09-06,ROTAX Junior Max,Q,DNS,53,Anna Mccrone,JRMAX,0,,,,,
Round 2,2025-09-06,ROTAX Junior Max,Q,DNS,899,Lucas Mccrone,KASR,0,,,,,
Round 2,2025-09-06,ROTAX Junior Max,Q,1,45,Gabriel Payne,,7,43.31 MPH,-,1:01.652,6,
Round 2,2025-09-06,ROTAX Junior Max,Q,2,810,Cole Vetter,,7,42.62 MPH,0.842,1:02.494,6,
Round 2,2025-09-06,ROTAX Junior Max,Q,3,11,Caleb Smith,,6,42.57 MPH,0.945,1:02.597,6,
Round 2,2025-09-06,ROTAX Junior Max,Q,DNS,224,Preston Fisher,,0,,,,,PKC
Round 2,2025-09-06,ROTAX Junior Max,Q,DNS,53,Anna Mccrone,,0,,,,,
Round 2,2025-09-06,ROTAX Junior Max,Q,1,005,Kaden Harter,,7,42.9 MPH,-,1:02.165,6,M
Round 2,2025-09-06,ROTAX Junior Max,Q,DNS,899,Lucas Mccrone,,0,,,,,
Round 2,2025-09-06,T4 Junior,Q,1,0,Derek Wargo,,6,40.89 MPH,,1:05.420,2,
Round 2,2025-09-06,T4 Junior,Q,3,33,Wyatt Cataldo,,6,39.47 MPH,2.314,1:07.734,6,M
Round 2,2025-09-06,T4 Junior,Q,4,80,Ashlyn Taylor,,6,39.09 MPH,2.664,1:08.084,6,M
Round 2,2025-09-06,T4 Junior,Q,5,53,Anna Mccrone,,6,39.04 MPH,2.708,1:08.128,1,
Round 2,2025-09-06,T4 Senior,Q,1,79,Ian Quinn,,6,40.19 MPH,,1:06.510,1,M
Round 2,2025-09-06,T4 Senior,Q,2,68,Alexandre Thebaud,,6,39.54 MPH,1.087,1:07.597,6,Privateer
Round 2,2025-09-06,T4 Senior,Q,3,899,Lucas Mccrone,,6,38.3 MPH,2.979,1:09.489,2,
Round 2,2025-09-06,T4 Senior,Q,4,48,Liam Engelmann,,6,37.94 MPH,3.139,1:09.649,4,
Round 2,2025-09-06,T4 Senior,Q,5,18,Joe Bechtold,,,,,,,Privateer
Round 2,2025-09-06,Piston Kup/Bambino,Q,1,6,Gunner Surace,,3,24.34 MPH,,1:40.010,1,M
Round 2,2025-09-06,206 Junior/390/Senior,PF,1,45,Gabriel Payne,206JR,10,38.9 MPH,,1:09.092,7,
Round 2,2025-09-06,206 Junior/390/Senior,PF,2,7,Preston Fisher,206JR,10,38.46 MPH,7.882,1:10.008,4,PKC
Round 2,2025-09-06,206 Junior/390/Senior,PF,3,33,Wyatt Cataldo,206JR,10,38.31 MPH,10.625,1:09.928,4,M
Round 2,2025-09-06,206 Junior/390/Senior,PF,5,3,Eric Baun,206-390,10,38 MPH,16.373,1:10.411,4,M
Round 2,2025-09-06,206 Junior/390/Senior,PF,6,86,Carlos Myers,206-390,9,35.01 MPH,1 Lap,1:17.536,8,M
Round 2,2025-09-06,206 Junior/390/Senior,PF,DNS,12094762,Erik hubert Kiszniewski,206SR,0,,,,,
Round 2,2025-09-06,206 Junior/390/Senior,PF,1,45,Gabriel Payne,,10,38.9 MPH,-,1:09.092,7,
Round 2,2025-09-06,206 Junior/390/Senior,PF,2,7,Preston Fisher,,10,38.46 MPH,7.882,1:10.008,4,PKC
Round 2,2025-09-06,206 Junior/390/Senior,PF,3,33,Wyatt Cataldo,,10,38.31 MPH,10.625,1:09.928,4,M
Round 2,2025-09-06,206 Junior/390/Senior,PF,1,3,Eric Baun,,10,38 MPH,-,1:10.411,4,M
Round 2,2025-09-06,206 Junior/390/Senior,PF,2,86,Carlos Myers,,9,35.01 MPH,1 Lap,1:17.536,8,M
Round 2,2025-09-06,206 Junior/390/Senior,PF,DNS,12094762,Erik hubert Kiszniewski,,0,,,,,
Round 2,2025-09-06,206 Mini/Cadet / T4 Mini,PF,1,924,Aiden Harbaugh,206MIN,10,32.81 MPH,,1:11.623,2,ASI
Round 2,2025-09-06,206 Mini/Cadet / T4 Mini,PF,2,25,Dominic Borelli,T4MIN,9,28.09 MPH,1 Lap,1:23.440,6,Borelli Motorsports
Round 2,2025-09-06,206 Mini/Cadet / T4 Mini,PF,1,924,Aiden Harbaugh,,10,32.81 MPH,-,1:11.623,2,ASI
Round 2,2025-09-06,206 Mini/Cadet / T4 Mini,PF,1,25,Dominic Borelli,,9,28.09 MPH,-,1:23.440,6,Borelli Motorsports
Round 2,2025-09-06,ROTAX Junior Max,PF,1,45,Gabriel Payne,JRMAX,10,38.62 MPH,,1:01.530,9,
Round 2,2025-09-06,ROTAX Junior Max,PF,2,810,Cole Vetter,JRMAX,10,38.11 MPH,9.280,1:02.567,10,
Round 2,2025-09-06,ROTAX Junior Max,PF,3,005,Kaden Harter,KASR,10,38.03 MPH,10.825,1:02.059,8,M
Round 2,2025-09-06,ROTAX Junior Max,PF,4,224,Preston Fisher,JRMAX,10,37.67 MPH,17.423,1:03.215,10,PKC
Round 2,2025-09-06,ROTAX Junior Max,PF,5,11,Caleb Smith,JRMAX,10,37.67 MPH,17.621,1:02.987,6,
Round 2,2025-09-06,ROTAX Junior Max,PF,DNS,53,Anna Mccrone,JRMAX,0,,,,,
Round 2,2025-09-06,ROTAX Junior Max,PF,DNS,899,Lucas Mccrone,KASR,0,,,,,
Round 2,2025-09-06,ROTAX Junior Max,PF,1,45,Gabriel Payne,,10,38.62 MPH,-,1:01.530,9,
Round 2,2025-09-06,ROTAX Junior Max,PF,2,810,Cole Vetter,,10,38.11 MPH,9.280,1:02.567,10,
Round 2,2025-09-06,ROTAX Junior Max,PF,3,224,Preston Fisher,,10,37.67 MPH,17.423,1:03.215,10,PKC
Round 2,2025-09-06,ROTAX Junior Max,PF,4,11,Caleb Smith,,10,37.67 MPH,17.621,1:02.987,6,
Round 2,2025-09-06,ROTAX Junior Max,PF,DNS,53,Anna Mccrone,,0,,,,,
Round 2,2025-09-06,ROTAX Junior Max,PF,1,005,Kaden Harter,,10,38.03 MPH,-,1:02.059,8,M
Round 2,2025-09-06,ROTAX Junior Max,PF,DNS,899,Lucas Mccrone,,0,,,,,
Round 2,2025-09-06,T4 Junior,PF,1,0,Derek Wargo,,10,35.8 MPH,,1:05.827,7,
Round 2,2025-09-06,T4 Junior,PF,3,53,Anna Mccrone,,10,34.29 MPH,33.088,1:08.803,5,
Round 2,2025-09-06,T4 Junior,PF,4,80,Ashlyn Taylor,,10,34.26 MPH,33.779,1:08.570,5,M
Round 2,2025-09-06,T4 Junior,PF,5,33,Wyatt Cataldo,,2,23.58 MPH,8 Laps,1:08.356,2,M
Round 2,2025-09-06,T4 Senior,PF,1,18,Joe Bechtold,,10,35.01 MPH,,1:06.128,6,Privateer
Round 2,2025-09-06,T4 Senior,PF,2,79,Ian Quinn,,10,34.78 MPH,5.190,1:07.109,6,M
Round 2,2025-09-06,T4 Senior,PF,3,68,Alexandre Thebaud,,10,34.53 MPH,10.862,1:07.571,6,Privateer
Round 2,2025-09-06,T4 Senior,PF,4,48,Liam Engelmann,,10,33.56 MPH,33.161,1:09.439,4,
Round 2,2025-09-06,T4 Senior,PF,5,899,Lucas Mccrone,,3,25.97 MPH,7 Laps,1:10.269,3,
Round 2,2025-09-06,206 Junior/390/Senior,F,2,45,Gabriel Payne,206JR,14,35.31 MPH,0.237,1:08.712,8,
Round 2,2025-09-06,206 Junior/390/Senior,F,3,7,Preston Fisher,206JR,14,35 MPH,9.666,1:09.479,8,PKC
Round 2,2025-09-06,206 Junior/390/Senior,F,4,33,Wyatt Cataldo,206JR,14,34.88 MPH,13.290,1:09.632,3,M
Round 2,2025-09-06,206 Junior/390/Senior,F,5,3,Eric Baun,206-390,14,34.19 MPH,35.116,1:10.238,6,M
Round 2,2025-09-06,206 Junior/390/Senior,F,6,86,Carlos Myers,206-390,13,31.18 MPH,1 Lap,1:17.069,9,M
Round 2,2025-09-06,206 Junior/390/Senior,F,DNS,12094762,Erik hubert Kiszniewski,206SR,0,,,,,
Round 2,2025-09-06,206 Junior/390/Senior,F,2,45,Gabriel Payne,,14,35.31 MPH,0.237,1:08.712,8,
Round 2,2025-09-06,206 Junior/390/Senior,F,3,7,Preston Fisher,,14,35 MPH,9.666,1:09.479,8,PKC
Round 2,2025-09-06,206 Junior/390/Senior,F,4,33,Wyatt Cataldo,,14,34.88 MPH,13.290,1:09.632,3,M
Round 2,2025-09-06,206 Junior/390/Senior,F,1,3,Eric Baun,,14,34.19 MPH,-,1:10.238,6,M
Round 2,2025-09-06,206 Junior/390/Senior,F,2,86,Carlos Myers,,13,31.18 MPH,1 Lap,1:17.069,9,M
Round 2,2025-09-06,206 Junior/390/Senior,F,DNS,12094762,Erik hubert Kiszniewski,,0,,,,,
Round 2,2025-09-06,206 Mini/Cadet / T4 Mini,F,1,924,Aiden Harbaugh,206MIN,12,33.07 MPH,,1:11.748,4,ASI
Round 2,2025-09-06,206 Mini/Cadet / T4 Mini,F,2,25,Dominic Borelli,T4MIN,11,27.48 MPH,1 Lap,1:24.011,6,Borelli Motorsports
Round 2,2025-09-06,206 Mini/Cadet / T4 Mini,F,1,924,Aiden Harbaugh,,12,33.07 MPH,-,1:11.748,4,ASI
Round 2,2025-09-06,206 Mini/Cadet / T4 Mini,F,1,25,Dominic Borelli,,11,27.48 MPH,-,1:24.011,6,Borelli Motorsports
Round 2,2025-09-06,Piston Kup/Bambino,F,1,6,Gunner Surace,,5,20.63 MPH,,1:42.733,2,M
Round 3,2025-09-07,206 Junior/390/Senior,P,1,45,Gabriel Payne,206JR,5,38.91 MPH,,1:08.157,5,
Round 3,2025-09-07,206 Junior/390/Senior,P,2,44,Giovanni Blackerby,206JR,5,38.77 MPH,0.550,1:08.707,4,M
Round 3,2025-09-07,206 Junior/390/Senior,P,4,7,Preston Fisher,206JR,5,38.21 MPH,1.160,1:09.317,5,PKC
Round 3,2025-09-07,206 Junior/390/Senior,P,5,331,Wyatt Cataldo,206JR,4,38.09 MPH,1.965,1:10.122,4,M
Round 3,2025-09-07,206 Junior/390/Senior,P,DNS,777,James Stropko iv,206SR,0,,,,,
Round 3,2025-09-07,206 Junior/390/Senior,P,1,45,Gabriel Payne,,5,38.91 MPH,-,1:08.157,5,
Round 3,2025-09-07,206 Junior/390/Senior,P,2,44,Giovanni Blackerby,,5,38.77 MPH,0.550,1:08.707,4,M
Round 3,2025-09-07,206 Junior/390/Senior,P,4,7,Preston Fisher,,5,38.21 MPH,1.160,1:09.317,5,PKC
Round 3,2025-09-07,206 Junior/390/Senior,P,5,331,Wyatt Cataldo,,4,38.09 MPH,1.965,1:10.122,4,M
Round 3,2025-09-07,206 Junior/390/Senior,P,DNS,777,James Stropko iv,,0,,,,,
Round 3,2025-09-07,206 Mini/Cadet / T4 Mini,P,1,880,Lucas Schreiber,206MIN,3,36.85 MPH,,1:12.023,3,M
Round 3,2025-09-07,206 Mini/Cadet / T4 Mini,P,2,924,Aiden Harbaugh,206MIN,2,37.16 MPH,0.054,1:12.077,2,ASI
Round 3,2025-09-07,206 Mini/Cadet / T4 Mini,P,3,25,Dominic Borelli,T4MIN,2,27.67 MPH,21.602,1:33.625,2,M
Round 3,2025-09-07,206 Mini/Cadet / T4 Mini,P,DNS,529,Austin Harbaugh,206MIN,0,,,,,M
Round 3,2025-09-07,206 Mini/Cadet / T4 Mini,P,1,880,Lucas Schreiber,,3,36.85 MPH,-,1:12.023,3,M
Round 3,2025-09-07,206 Mini/Cadet / T4 Mini,P,2,924,Aiden Harbaugh,,2,37.16 MPH,0.054,1:12.077,2,ASI
Round 3,2025-09-07,206 Mini/Cadet / T4 Mini,P,DNS,529,Austin Harbaugh,,0,,,,,M
Round 3,2025-09-07,206 Mini/Cadet / T4 Mini,P,1,25,Dominic Borelli,,2,27.67 MPH,-,1:33.625,2,M
Round 3,2025-09-07,ROTAX Junior Max / IAME KA Senior,P,1,45,Gabriel Payne,JRMAX,4,43.8 MPH,,1:00.916,2,
Round 3,2025-09-07,ROTAX Junior Max / IAME KA Senior,P,2,11,Caleb Smith,JRMAX,4,43.02 MPH,1.008,1:01.924,2,
Round 3,2025-09-07,ROTAX Junior Max / IAME KA Senior,P,3,27,Colin Schreiber,JRMAX,4,42.8 MPH,1.063,1:01.979,4,M
Round 3,2025-09-07,ROTAX Junior Max / IAME KA Senior,P,4,005,Kaden Harter,KASR,4,42.7 MPH,1.095,1:02.011,3,M
Round 3,2025-09-07,ROTAX Junior Max / IAME KA Senior,P,5,224,Preston Fisher,JRMAX,4,42.72 MPH,1.508,1:02.424,3,PKC
Round 3,2025-09-07,ROTAX Junior Max / IAME KA Senior,P,6,810,Cole Vetter,JRMAX,4,42.73 MPH,1.566,1:02.482,2,
Round 3,2025-09-07,ROTAX Junior Max / IAME KA Senior,P,DNS,53,Anna Mccrone,JRMAX,0,,,,,
Round 3,2025-09-07,ROTAX Junior Max / IAME KA Senior,P,1,45,Gabriel Payne,,4,43.8 MPH,-,1:00.916,2,
Round 3,2025-09-07,ROTAX Junior Max / IAME KA Senior,P,2,11,Caleb Smith,,4,43.02 MPH,1.008,1:01.924,2,
Round 3,2025-09-07,ROTAX Junior Max / IAME KA Senior,P,3,27,Colin Schreiber,,4,42.8 MPH,1.063,1:01.979,4,M
Round 3,2025-09-07,ROTAX Junior Max / IAME KA Senior,P,4,224,Preston Fisher,,4,42.72 MPH,1.508,1:02.424,3,PKC
Round 3,2025-09-07,ROTAX Junior Max / IAME KA Senior,P,5,810,Cole Vetter,,4,42.73 MPH,1.566,1:02.482,2,
Round 3,2025-09-07,ROTAX Junior Max / IAME KA Senior,P,DNS,53,Anna Mccrone,,0,,,,,
Round 3,2025-09-07,ROTAX Junior Max / IAME KA Senior,P,1,005,Kaden Harter,,4,42.7 MPH,-,1:02.011,3,M
Round 3,2025-09-07,T4 Junior,P,1,0,Derek Wargo,,5,40.95 MPH,,1:05.469,5,
Round 3,2025-09-07,T4 Junior,P,3,33,Wyatt Cataldo,,5,40.74 MPH,0.266,1:05.735,2,M
Round 3,2025-09-07,T4 Junior,P,4,80,Ashlyn Taylor,,5,39.44 MPH,2.310,1:07.779,4,M
Round 3,2025-09-07,T4 Junior,P,5,53,Anna Mccrone,,5,39.45 MPH,2.361,1:07.830,2,
Round 3,2025-09-07,T4 Senior,P,1,68,Alexandre Thebaud,,5,39.47 MPH,,1:06.754,5,Privateer
Round 3,2025-09-07,T4 Senior,P,2,899,Kaden Harter,,2,39.59 MPH,1.029,1:07.783,2,M
Round 3,2025-09-07,T4 Senior,P,3,48,Liam Engelmann,,2,38.76 MPH,2.217,1:08.971,1,
Round 3,2025-09-07,T4 Senior,P,DNS,18,Joe Bechtold,,0,,,,,Privateer
Round 3,2025-09-07,T4 Senior,P,DNS,79,Ian Quinn,,0,,,,,M
Round 3,2025-09-07,Piston Kup/Bambino,P,1,82,Grayson Miller,,4,28.99 MPH,,1:30.594,3,M
Round 3,2025-09-07,Piston Kup/Bambino,P,2,6,Gunner Surace,,2,19.15 MPH,20.801,1:51.395,2,M
Round 3,2025-09-07,206 Junior/390/Senior,Q,1,45,Gabriel Payne,206JR,5,39.01 MPH,,1:08.503,3,
Round 3,2025-09-07,206 Junior/390/Senior,Q,2,44,Giovanni Blackerby,206JR,4,38.74 MPH,0.371,1:08.874,3,M
Round 3,2025-09-07,206 Junior/390/Senior,Q,4,331,Wyatt Cataldo,206JR,5,38.37 MPH,0.764,1:09.267,4,M
Round 3,2025-09-07,206 Junior/390/Senior,Q,5,7,Preston Fisher,206JR,5,38.16 MPH,0.967,1:09.470,4,PKC
Round 3,2025-09-07,206 Junior/390/Senior,Q,DNS,777,James Stropko iv,206SR,0,,,,,
Round 3,2025-09-07,206 Junior/390/Senior,Q,1,45,Gabriel Payne,,5,39.01 MPH,-,1:08.503,3,
Round 3,2025-09-07,206 Junior/390/Senior,Q,2,44,Giovanni Blackerby,,4,38.74 MPH,0.371,1:08.874,3,M
Round 3,2025-09-07,206 Junior/390/Senior,Q,4,331,Wyatt Cataldo,,5,38.37 MPH,0.764,1:09.267,4,M
Round 3,2025-09-07,206 Junior/390/Senior,Q,5,7,Preston Fisher,,5,38.16 MPH,0.967,1:09.470,4,PKC
Round 3,2025-09-07,206 Junior/390/Senior,Q,DNS,777,James Stropko iv,,0,,,,,
Round 3,2025-09-07,206 Mini/Cadet / T4 Mini,Q,1,880,Lucas Schreiber,206MIN,4,37.3 MPH,,1:11.210,4,M
Round 3,2025-09-07,206 Mini/Cadet / T4 Mini,Q,2,924,Aiden Harbaugh,206MIN,4,37.03 MPH,0.811,1:12.021,3,ASI
Round 3,2025-09-07,206 Mini/Cadet / T4 Mini,Q,3,25,Dominic Borelli,T4MIN,3,30.41 MPH,16.064,1:27.274,3,M
Round 3,2025-09-07,206 Mini/Cadet / T4 Mini,Q,DNS,529,Austin Harbaugh,206MIN,0,,,,,M
Round 3,2025-09-07,206 Mini/Cadet / T4 Mini,Q,1,880,Lucas Schreiber,,4,37.3 MPH,-,1:11.210,4,M
Round 3,2025-09-07,206 Mini/Cadet / T4 Mini,Q,2,924,Aiden Harbaugh,,4,37.03 MPH,0.811,1:12.021,3,ASI
Round 3,2025-09-07,206 Mini/Cadet / T4 Mini,Q,DNS,529,Austin Harbaugh,,0,,,,,M
Round 3,2025-09-07,206 Mini/Cadet / T4 Mini,Q,1,25,Dominic Borelli,,3,30.41 MPH,-,1:27.274,3,M
Round 3,2025-09-07,ROTAX Junior Max / IAME KA Senior,Q,1,45,Gabriel Payne,JRMAX,5,44.23 MPH,,1:00.565,2,
Round 3,2025-09-07,ROTAX Junior Max / IAME KA Senior,Q,2,27,Colin Schreiber,JRMAX,5,43.58 MPH,0.479,1:01.044,5,M
Round 3,2025-09-07,ROTAX Junior Max / IAME KA Senior,Q,3,810,Cole Vetter,JRMAX,5,43.59 MPH,0.833,1:01.398,5,
Round 3,2025-09-07,ROTAX Junior Max / IAME KA Senior,Q,4,11,Caleb Smith,JRMAX,5,43.33 MPH,1.021,1:01.586,4,
Round 3,2025-09-07,ROTAX Junior Max / IAME KA Senior,Q,5,224,Preston Fisher,JRMAX,5,42.93 MPH,1.556,1:02.121,4,PKC
Round 3,2025-09-07,ROTAX Junior Max / IAME KA Senior,Q,DNS,005,Kaden Harter,KASR,0,,,,,M
Round 3,2025-09-07,ROTAX Junior Max / IAME KA Senior,Q,DNS,53,Anna Mccrone,JRMAX,0,,,,,
Round 3,2025-09-07,ROTAX Junior Max / IAME KA Senior,Q,1,45,Gabriel Payne,,5,44.23 MPH,-,1:00.565,2,
Round 3,2025-09-07,ROTAX Junior Max / IAME KA Senior,Q,2,27,Colin Schreiber,,5,43.58 MPH,0.479,1:01.044,5,M
Round 3,2025-09-07,ROTAX Junior Max / IAME KA Senior,Q,3,810,Cole Vetter,,5,43.59 MPH,0.833,1:01.398,5,
Round 3,2025-09-07,ROTAX Junior Max / IAME KA Senior,Q,4,11,Caleb Smith,,5,43.33 MPH,1.021,1:01.586,4,
Round 3,2025-09-07,ROTAX Junior Max / IAME KA Senior,Q,5,224,Preston Fisher,,5,42.93 MPH,1.556,1:02.121,4,PKC
Round 3,2025-09-07,ROTAX Junior Max / IAME KA Senior,Q,DNS,53,Anna Mccrone,,0,,,,,
Round 3,2025-09-07,ROTAX Junior Max / IAME KA Senior,Q,DNS,005,Kaden Harter,,0,,,,,M
Round 3,2025-09-07,T4 Junior,Q,2,0,Derek Wargo,,6,40.75 MPH,0.087,1:05.514,6,
Round 3,2025-09-07,T4 Junior,Q,3,33,Wyatt Cataldo,,6,40.54 MPH,0.378,1:05.805,6,M
Round 3,2025-09-07,T4 Junior,Q,4,80,Ashlyn Taylor,,6,39.65 MPH,2.054,1:07.481,2,M
Round 3,2025-09-07,T4 Junior,Q,5,53,Anna Mccrone,,6,39.64 MPH,2.063,1:07.490,5,
Round 3,2025-09-07,T4 Senior,Q,1,79,Ian Quinn,,6,41.08 MPH,,1:05.174,1,M
Round 3,2025-09-07,T4 Senior,Q,2,68,Alexandre Thebaud,,6,39.85 MPH,1.045,1:06.219,5,Privateer
Round 3,2025-09-07,T4 Senior,Q,3,18,Joe Bechtold,,6,39.8 MPH,1.074,1:06.248,2,Privateer
Round 3,2025-09-07,T4 Senior,Q,4,899,Kaden Harter,,5,39.71 MPH,2.304,1:07.478,3,M
Round 3,2025-09-07,T4 Senior,Q,5,48,Liam Engelmann,,5,39.05 MPH,2.899,1:08.073,1,
Round 3,2025-09-07,Piston Kup/Bambino,Q,1,82,Grayson Miller,,4,29.75 MPH,,1:26.091,2,M
Round 3,2025-09-07,Piston Kup/Bambino,Q,2,6,Gunner Surace,,3,25.65 MPH,16.846,1:42.937,2,M
Round 3,2025-09-07,206 Junior/390/Senior,PF,1,45,Gabriel Payne,206JR,10,33.92 MPH,,1:08.159,8,
Round 3,2025-09-07,206 Junior/390/Senior,PF,3,44,Giovanni Blackerby,206JR,10,33.72 MPH,4.702,1:08.495,6,M
Round 3,2025-09-07,206 Junior/390/Senior,PF,4,7,Preston Fisher,206JR,10,33.46 MPH,10.964,1:09.001,7,PKC
Round 3,2025-09-07,206 Junior/390/Senior,PF,5,331,Wyatt Cataldo,206JR,10,33.46 MPH,11.077,1:08.926,7,M
Round 3,2025-09-07,206 Junior/390/Senior,PF,6,3,Eric Baun,206SR,10,33.09 MPH,19.849,1:10.199,7,M
Round 3,2025-09-07,206 Junior/390/Senior,PF,DNS,777,James Stropko iv,206SR,0,,,,,
Round 3,2025-09-07,206 Junior/390/Senior,PF,1,45,Gabriel Payne,,10,33.92 MPH,-,1:08.159,8,
Round 3,2025-09-07,206 Junior/390/Senior,PF,3,44,Giovanni Blackerby,,10,33.72 MPH,4.702,1:08.495,6,M
Round 3,2025-09-07,206 Junior/390/Senior,PF,4,7,Preston Fisher,,10,33.46 MPH,10.964,1:09.001,7,PKC
Round 3,2025-09-07,206 Junior/390/Senior,PF,5,331,Wyatt Cataldo,,10,33.46 MPH,11.077,1:08.926,7,M
Round 3,2025-09-07,206 Junior/390/Senior,PF,1,3,Eric Baun,,10,33.09 MPH,-,1:10.199,7,M
Round 3,2025-09-07,206 Junior/390/Senior,PF,DNS,777,James Stropko iv,,0,,,,,
Round 3,2025-09-07,206 Mini/Cadet / T4 Mini,PF,1,880,Lucas Schreiber,206MIN,8,31.99 MPH,,1:11.190,4,M
Round 3,2025-09-07,206 Mini/Cadet / T4 Mini,PF,2,924,Aiden Harbaugh,206MIN,8,31.72 MPH,5.560,1:11.356,3,ASI
Round 3,2025-09-07,206 Mini/Cadet / T4 Mini,PF,3,25,Dominic Borelli,T4MIN,7,26.2 MPH,1 Lap,1:25.338,1,M
Round 3,2025-09-07,206 Mini/Cadet / T4 Mini,PF,DNS,529,Austin Harbaugh,206MIN,0,,,,,M
Round 3,2025-09-07,206 Mini/Cadet / T4 Mini,PF,1,880,Lucas Schreiber,,8,31.99 MPH,-,1:11.190,4,M
Round 3,2025-09-07,206 Mini/Cadet / T4 Mini,PF,2,924,Aiden Harbaugh,,8,31.72 MPH,5.560,1:11.356,3,ASI
Round 3,2025-09-07,206 Mini/Cadet / T4 Mini,PF,DNS,529,Austin Harbaugh,,0,,,,,M
Round 3,2025-09-07,206 Mini/Cadet / T4 Mini,PF,1,25,Dominic Borelli,,7,26.2 MPH,-,1:25.338,1,M
Round 3,2025-09-07,ROTAX Junior Max / IAME KA Senior,PF,1,45,Gabriel Payne,JRMAX,10,33.84 MPH,,1:00.439,10,
Round 3,2025-09-07,ROTAX Junior Max / IAME KA Senior,PF,2,810,Cole Vetter,JRMAX,10,33.48 MPH,8.422,1:01.509,5,
Round 3,2025-09-07,ROTAX Junior Max / IAME KA Senior,PF,3,224,Preston Fisher,JRMAX,10,33.46 MPH,9.014,1:01.360,10,PKC
Round 3,2025-09-07,ROTAX Junior Max / IAME KA Senior,PF,4,27,Colin Schreiber,JRMAX,10,33.36 MPH,11.290,1:01.538,5,M
Round 3,2025-09-07,ROTAX Junior Max / IAME KA Senior,PF,5,005,Kaden Harter,KASR,10,33.04 MPH,19.081,1:01.732,10,M
Round 3,2025-09-07,ROTAX Junior Max / IAME KA Senior,PF,DNS,11,Caleb Smith,JRMAX,0,,,,,
Round 3,2025-09-07,ROTAX Junior Max / IAME KA Senior,PF,DNS,53,Anna Mccrone,JRMAX,0,,,,,
Round 3,2025-09-07,ROTAX Junior Max / IAME KA Senior,PF,1,45,Gabriel Payne,,10,33.84 MPH,-,1:00.439,10,
Round 3,2025-09-07,ROTAX Junior Max / IAME KA Senior,PF,2,810,Cole Vetter,,10,33.48 MPH,8.422,1:01.509,5,
Round 3,2025-09-07,ROTAX Junior Max / IAME KA Senior,PF,3,224,Preston Fisher,,10,33.46 MPH,9.014,1:01.360,10,PKC
Round 3,2025-09-07,ROTAX Junior Max / IAME KA Senior,PF,4,27,Colin Schreiber,,10,33.36 MPH,11.290,1:01.538,5,M
Round 3,2025-09-07,ROTAX Junior Max / IAME KA Senior,PF,DNS,11,Caleb Smith,,0,,,,,
Round 3,2025-09-07,ROTAX Junior Max / IAME KA Senior,PF,DNS,53,Anna Mccrone,,0,,,,,
Round 3,2025-09-07,ROTAX Junior Max / IAME KA Senior,PF,1,005,Kaden Harter,,10,33.04 MPH,-,1:01.732,10,M
Round 3,2025-09-07,T4 Junior,PF,1,0,Derek Wargo,,10,35.12 MPH,,1:05.016,5,
Round 3,2025-09-07,T4 Junior,PF,2,33,Wyatt Cataldo,,10,34.93 MPH,4.188,1:05.375,5,M
Round 3,2025-09-07,T4 Junior,PF,3,53,Anna Mccrone,,10,34.24 MPH,19.553,1:07.041,6,
Round 3,2025-09-07,T4 Junior,PF,4,80,Ashlyn Taylor,,10,34.17 MPH,21.162,1:07.187,4,M
Round 3,2025-09-07,T4 Senior,PF,1,79,Ian Quinn,,10,35.51 MPH,,1:05.566,5,M
Round 3,2025-09-07,T4 Senior,PF,2,68,Alexandre Thebaud,,10,35.14 MPH,8.028,1:06.187,3,Privateer
Round 3,2025-09-07,T4 Senior,PF,3,18,Joe Bechtold,,10,34.99 MPH,11.171,1:06.293,3,Privateer
Round 3,2025-09-07,T4 Senior,PF,4,899,Kaden Harter,,10,34.9 MPH,13.251,1:06.868,7,M
Round 3,2025-09-07,T4 Senior,PF,5,48,Liam Engelmann,,10,33.9 MPH,36.013,1:08.398,2,
Round 3,2025-09-07,206 Junior/390/Senior,F,1,45,Gabriel Payne,206JR,14,35.37 MPH,,1:08.299,12,
Round 3,2025-09-07,206 Junior/390/Senior,F,3,44,Giovanni Blackerby,206JR,14,35.25 MPH,3.552,1:08.260,10,M
Round 3,2025-09-07,206 Junior/390/Senior,F,4,7,Preston Fisher,206JR,14,35 MPH,11.218,1:08.886,5,PKC
Round 3,2025-09-07,206 Junior/390/Senior,F,5,331,Wyatt Cataldo,206JR,14,34.99 MPH,11.567,1:08.847,7,M
Round 3,2025-09-07,206 Junior/390/Senior,F,6,3,Eric Baun,206SR,14,34.59 MPH,23.928,1:09.629,10,M
Round 3,2025-09-07,206 Junior/390/Senior,F,DNS,777,James Stropko iv,206SR,0,,,,,
Round 3,2025-09-07,206 Junior/390/Senior,F,1,45,Gabriel Payne,,14,35.37 MPH,-,1:08.299,12,
Round 3,2025-09-07,206 Junior/390/Senior,F,3,44,Giovanni Blackerby,,14,35.25 MPH,3.552,1:08.260,10,M
Round 3,2025-09-07,206 Junior/390/Senior,F,4,7,Preston Fisher,,14,35 MPH,11.218,1:08.886,5,PKC
Round 3,2025-09-07,206 Junior/390/Senior,F,5,331,Wyatt Cataldo,,14,34.99 MPH,11.567,1:08.847,7,M
Round 3,2025-09-07,206 Junior/390/Senior,F,1,3,Eric Baun,,14,34.59 MPH,-,1:09.629,10,M
Round 3,2025-09-07,206 Junior/390/Senior,F,DNS,777,James Stropko iv,,0,,,,,
Round 3,2025-09-07,206 Mini/Cadet / T4 Mini,F,1,880,Lucas Schreiber,206MIN,12,33.73 MPH,,1:11.166,2,M
Round 3,2025-09-07,206 Mini/Cadet / T4 Mini,F,2,924,Aiden Harbaugh,206MIN,12,33.12 MPH,17.422,1:11.382,2,ASI
Round 3,2025-09-07,206 Mini/Cadet / T4 Mini,F,3,25,Dominic Borelli,T4MIN,11,28.55 MPH,1 Lap,1:23.295,4,M
Round 3,2025-09-07,206 Mini/Cadet / T4 Mini,F,DNS,529,Austin Harbaugh,206MIN,0,,,,,M
Round 3,2025-09-07,206 Mini/Cadet / T4 Mini,F,1,880,Lucas Schreiber,,12,33.73 MPH,-,1:11.166,2,M
Round 3,2025-09-07,206 Mini/Cadet / T4 Mini,F,2,924,Aiden Harbaugh,,12,33.12 MPH,17.422,1:11.382,2,ASI
Round 3,2025-09-07,206 Mini/Cadet / T4 Mini,F,DNS,529,Austin Harbaugh,,0,,,,,M
Round 3,2025-09-07,206 Mini/Cadet / T4 Mini,F,1,25,Dominic Borelli,,11,28.55 MPH,-,1:23.295,4,M
Round 3,2025-09-07,ROTAX Junior Max / IAME KA Senior,F,1,810,Cole Vetter,JRMAX,14,39.05 MPH,,1:01.616,12,
Round 3,2025-09-07,ROTAX Junior Max / IAME KA Senior,F,2,224,Preston Fisher,JRMAX,14,38.95 MPH,2.415,1:01.822,7,PKC
Round 3,2025-09-07,ROTAX Junior Max / IAME KA Senior,F,3,27,Colin Schreiber,JRMAX,14,38.95 MPH,2.515,1:01.466,6,M
Round 3,2025-09-07,ROTAX Junior Max / IAME KA Senior,F,4,45,Gabriel Payne,JRMAX,9,37.53 MPH,5 Laps,1:00.632,6,
Round 3,2025-09-07,ROTAX Junior Max / IAME KA Senior,F,5,005,Kaden Harter,KASR,7,35.26 MPH,7 Laps,1:01.832,6,M
Round 3,2025-09-07,ROTAX Junior Max / IAME KA Senior,F,DNS,11,Caleb Smith,JRMAX,0,,,,,
Round 3,2025-09-07,ROTAX Junior Max / IAME KA Senior,F,DNS,53,Anna Mccrone,JRMAX,0,,,,,
Round 3,2025-09-07,ROTAX Junior Max / IAME KA Senior,F,1,810,Cole Vetter,,14,39.05 MPH,-,1:01.616,12,
Round 3,2025-09-07,ROTAX Junior Max / IAME KA Senior,F,2,224,Preston Fisher,,14,38.95 MPH,2.415,1:01.822,7,PKC
Round 3,2025-09-07,ROTAX Junior Max / IAME KA Senior,F,3,27,Colin Schreiber,,14,38.95 MPH,2.515,1:01.466,6,M
Round 3,2025-09-07,ROTAX Junior Max / IAME KA Senior,F,4,45,Gabriel Payne,,9,37.53 MPH,5 Laps,1:00.632,6,
Round 3,2025-09-07,ROTAX Junior Max / IAME KA Senior,F,DNS,11,Caleb Smith,,0,,,,,
Round 3,2025-09-07,ROTAX Junior Max / IAME KA Senior,F,DNS,53,Anna Mccrone,,0,,,,,
Round 3,2025-09-07,ROTAX Junior Max / IAME KA Senior,F,1,005,Kaden Harter,,7,35.26 MPH,-,1:01.832,6,M
Round 3,2025-09-07,T4 Junior,F,1,0,Derek Wargo,,14,37.31 MPH,,1:04.944,4,
Round 3,2025-09-07,T4 Junior,F,2,33,Wyatt Cataldo,,14,36.09 MPH,34.043,1:05.669,3,M
Round 3,2025-09-07,T4 Junior,F,4,80,Ashlyn Taylor,,14,35.84 MPH,41.236,1:07.788,5,M
Round 3,2025-09-07,T4 Junior,F,5,53,Anna Mccrone,,14,35.48 MPH,51.908,1:07.843,10,
Round 3,2025-09-07,T4 Senior,F,1,79,Ian Quinn,,14,36.82 MPH,,1:05.914,7,M
Round 3,2025-09-07,T4 Senior,F,2,18,Joe Bechtold,,14,36.79 MPH,0.914,1:05.920,8,Privateer
Round 3,2025-09-07,T4 Senior,F,3,68,Alexandre Thebaud,,14,36.52 MPH,8.351,1:06.468,10,Privateer
Round 3,2025-09-07,T4 Senior,F,4,899,Kaden Harter,,14,36.31 MPH,14.195,1:06.932,4,M
Round 3,2025-09-07,T4 Senior,F,5,48,Liam Engelmann,,14,35.05 MPH,51.579,1:08.657,10,
Round 3,2025-09-07,Piston Kup/Bambino,F,1,82,Grayson Miller,,6,21.94 MPH,,1:26.874,1,M
Round 3,2025-09-07,Piston Kup/Bambino,F,2,6,Gunner Surace,,2,13.61 MPH,4 Laps,1:42.049,1,M
Round 4,2025-10-11,206 Mini/Cadet,Q,1,O,Joseph Panico,,3,37.82 MPH,,1:10.663,2,Privateer
Round 4,2025-10-11,206 Mini/Cadet,Q,2,924,Aiden Harbaugh,,3,37.62 MPH,0.539,1:11.202,1,M
Round 4,2025-10-11,206 Mini/Cadet,Q,3,80,Ashlyn Taylor,,3,36.76 MPH,1.847,1:12.510,2,M
Round 4,2025-10-11,206 Mini/Cadet,Q,4,82,Grayson Miller,,3,33.4 MPH,6.978,1:17.641,2,M
Round 4,2025-10-11,206 Mini/Cadet,Q,5,203,Weston Davis,,1,34.34 MPH,7.517,1:18.180,1,Privateer
Round 4,2025-10-11,206 Mini/Cadet,Q,DNS,88,Lucas Schreiber,,0,,,,,M
Round 4,2025-10-11,T4 Junior,Q,1,80,Ashlyn Taylor,,3,38.1 MPH,,1:08.586,3,M
Round 4,2025-10-11,T4 Junior,Q,2,53,Anna Mccrone,,3,39.03 MPH,0.140,1:08.726,3,
Round 4,2025-10-11,T4 Junior,Q,3,899,Lucas Mccrone,,3,38.61 MPH,0.702,1:09.288,1,
Round 4,2025-10-11,206 Sr/Master,Q,1,9,Nicholas Jadue,206SR,1,38.21 MPH,,1:10.253,1,Privateer
Round 4,2025-10-11,206 Sr/Master,Q,2,3,Eric Baun,206-390,1,37.81 MPH,0.742,1:10.995,1,Privateer
Round 4,2025-10-11,206 Sr/Master,Q,3,16,Kyle Davis,206-390,1,37.38 MPH,1.572,1:11.825,1,Privateer
Round 4,2025-10-11,206 Sr/Master,Q,4,421,Calvi Teste,206SR,1,36.76 MPH,2.780,1:13.033,1,
Round 4,2025-10-11,206 Sr/Master,Q,5,314,Chad Karnik,206-390,2,34 MPH,5.811,1:16.064,1,Privateer
Round 4,2025-10-11,206 Sr/Master,Q,DNS,28,Ryan English,206-390,0,,,,,M
Round 4,2025-10-11,206 Sr/Master,Q,DNS,339,Cj Karnik,206-390,0,,,,,Privateer
Round 4,2025-10-11,206 Sr/Master,Q,1,9,Nicholas Jadue,,1,38.21 MPH,-,1:10.253,1,Privateer
Round 4,2025-10-11,206 Sr/Master,Q,2,421,Calvi Teste,,1,36.76 MPH,2.780,1:13.033,1,
Round 4,2025-10-11,206 Sr/Master,Q,1,3,Eric Baun,,1,37.81 MPH,-,1:10.995,1,Privateer
Round 4,2025-10-11,206 Sr/Master,Q,2,16,Kyle Davis,,1,37.38 MPH,0.830,1:11.825,1,Privateer
Round 4,2025-10-11,206 Sr/Master,Q,3,314,Chad Karnik,,2,34 MPH,5.069,1:16.064,1,Privateer
Round 4,2025-10-11,206 Sr/Master,Q,DNS,28,Ryan English,,0,,,,,M
Round 4,2025-10-11,206 Sr/Master,Q,DNS,339,Cj Karnik,,0,,,,,Privateer
Round 4,2025-10-11,2-Stroke,Q,1,939,Blade Fountain,KASR,3,43.03 MPH,,1:02.036,1,KartKru
Round 4,2025-10-11,2-Stroke,Q,2,005,Kaden Harter,KASR,3,42.75 MPH,0.537,1:02.573,2,M
Round 4,2025-10-11,2-Stroke,Q,3,44,Giovanni Blackerby,JRMAX,3,41.34 MPH,1.361,1:03.397,2,M
Round 4,2025-10-11,2-Stroke,Q,4,8,Scott Smith,KA-385,2,41.39 MPH,2.730,1:04.766,2,Smallwood Motorsports / Scott Smith Racing
Round 4,2025-10-11,2-Stroke,Q,5,24,Keith Bowerman,TaG/X30,3,40.52 MPH,3.897,1:05.933,2,M
Round 4,2025-10-11,2-Stroke,Q,6,237,Chris Stephens,KA-385,3,40.03 MPH,4.272,1:06.308,3,Smallwood Motorsports
Round 4,2025-10-11,2-Stroke,Q,1,939,Blade Fountain,,3,43.03 MPH,-,1:02.036,1,KartKru
Round 4,2025-10-11,2-Stroke,Q,2,005,Kaden Harter,,3,42.75 MPH,0.537,1:02.573,2,M
Round 4,2025-10-11,2-Stroke,Q,1,44,Giovanni Blackerby,,3,41.34 MPH,-,1:03.397,2,M
Round 4,2025-10-11,2-Stroke,Q,1,8,Scott Smith,,2,41.39 MPH,-,1:04.766,2,Smallwood Motorsports / Scott Smith Racing
Round 4,2025-10-11,2-Stroke,Q,2,237,Chris Stephens,,3,40.03 MPH,1.542,1:06.308,3,Smallwood Motorsports
Round 4,2025-10-11,2-Stroke,Q,1,24,Keith Bowerman,,3,40.52 MPH,-,1:05.933,2,M
Round 4,2025-10-11,Piston Cup/Bambino,H1,1,6,Gunner Surace,,6,25.26 MPH,,1:39.838,2,M
Round 4,2025-10-11,Piston Cup/Bambino,H1,DNS,82,Grayson Miller,,0,,,,,M
Round 4,2025-10-11,206 Mini/Cadet,H1,1,O,Joseph Panico,,8,32.91 MPH,,1:11.726,5,Privateer
Round 4,2025-10-11,206 Mini/Cadet,H1,2,924,Aiden Harbaugh,,8,32.88 MPH,0.585,1:11.458,7,M
Round 4,2025-10-11,206 Mini/Cadet,H1,3,80,Ashlyn Taylor,,8,32.58 MPH,6.618,1:12.681,4,M
Round 4,2025-10-11,206 Mini/Cadet,H1,4,88,Lucas Schreiber,,8,32.14 MPH,15.639,1:12.522,5,M
Round 4,2025-10-11,206 Mini/Cadet,H1,5,82,Grayson Miller,,8,30.5 MPH,51.700,1:16.572,8,M
Round 4,2025-10-11,206 Mini/Cadet,H1,6,203,Weston Davis,,7,28.52 MPH,1 Lap,1:17.946,2,Privateer
Round 4,2025-10-11,T4 Junior,H1,1,80,Ashlyn Taylor,,10,37.16 MPH,,1:08.436,3,M
Round 4,2025-10-11,T4 Junior,H1,2,899,Lucas Mccrone,,10,36.8 MPH,7.070,1:08.891,10,
Round 4,2025-10-11,T4 Junior,H1,DNS,53,Anna Mccrone,,0,,,,,
Round 4,2025-10-11,206 Senior/Master,H1,1,9,Nicholas Jadue,206SR,9,34.84 MPH,,1:09.987,3,Privateer
Round 4,2025-10-11,206 Senior/Master,H1,2,421,Calvi Teste,206SR,9,34.37 MPH,9.426,1:10.645,4,
Round 4,2025-10-11,206 Senior/Master,H1,3,3,Eric Baun,206-390,9,34.35 MPH,9.958,1:11.032,2,Privateer
Round 4,2025-10-11,206 Senior/Master,H1,4,16,Kyle Davis,206-390,9,33.97 MPH,17.763,1:11.526,4,Privateer
Round 4,2025-10-11,206 Senior/Master,H1,5,314,Chad Karnik,206-390,8,31.97 MPH,1 Lap,1:15.243,3,Privateer
Round 4,2025-10-11,206 Senior/Master,H1,6,339,Cj Karnik,206-390,1,18.27 MPH,8 Laps,1:20.418,1,Privateer
Round 4,2025-10-11,206 Senior/Master,H1,DNS,28,Ryan English,206-390,0,,,,,M
Round 4,2025-10-11,206 Senior/Master,H1,1,9,Nicholas Jadue,,9,34.84 MPH,-,1:09.987,3,Privateer
Round 4,2025-10-11,206 Senior/Master,H1,2,421,Calvi Teste,,9,34.37 MPH,9.426,1:10.645,4,
Round 4,2025-10-11,206 Senior/Master,H1,1,3,Eric Baun,,9,34.35 MPH,-,1:11.032,2,Privateer
Round 4,2025-10-11,206 Senior/Master,H1,2,16,Kyle Davis,,9,33.97 MPH,7.805,1:11.526,4,Privateer
Round 4,2025-10-11,206 Senior/Master,H1,3,314,Chad Karnik,,8,31.97 MPH,1 Lap,1:15.243,3,Privateer
Round 4,2025-10-11,206 Senior/Master,H1,4,339,Cj Karnik,,1,18.27 MPH,8 Laps,1:20.418,1,Privateer
Round 4,2025-10-11,206 Senior/Master,H1,DNS,28,Ryan English,,0,,,,,M
Round 4,2025-10-11,2-Stroke,H1,1,939,Blade Fountain,KASR,9,40.26 MPH,,1:01.982,4,KartKru
Round 4,2025-10-11,2-Stroke,H1,2,005,Kaden Harter,KASR,9,39.75 MPH,7.643,1:02.858,1,M
Round 4,2025-10-11,2-Stroke,H1,3,8,Scott Smith,KA-385,9,38.53 MPH,26.919,1:04.156,3,Smallwood Motorsports / Scott Smith Racing
Round 4,2025-10-11,2-Stroke,H1,4,24,Keith Bowerman,TaG/X30,9,38.53 MPH,26.959,1:03.893,4,M
Round 4,2025-10-11,2-Stroke,H1,5,237,Chris Stephens,KA-385,9,37.22 MPH,49.108,1:06.574,8,Smallwood Motorsports
Round 4,2025-10-11,2-Stroke,H1,6,44,Giovanni Blackerby,JRMAX,6,37.85 MPH,3 Laps,1:02.996,3,M
Round 4,2025-10-11,2-Stroke,H1,1,939,Blade Fountain,,9,40.26 MPH,-,1:01.982,4,KartKru
Round 4,2025-10-11,2-Stroke,H1,2,005,Kaden Harter,,9,39.75 MPH,7.643,1:02.858,1,M
Round 4,2025-10-11,2-Stroke,H1,1,8,Scott Smith,,9,38.53 MPH,-,1:04.156,3,Smallwood Motorsports / Scott Smith Racing
Round 4,2025-10-11,2-Stroke,H1,2,237,Chris Stephens,,9,37.22 MPH,22.189,1:06.574,8,Smallwood Motorsports
Round 4,2025-10-11,2-Stroke,H1,1,24,Keith Bowerman,,9,38.53 MPH,-,1:03.893,4,M
Round 4,2025-10-11,2-Stroke,H1,1,44,Giovanni Blackerby,,6,37.85 MPH,-,1:02.996,3,M
Round 4,2025-10-11,206 Mini/Cadet,H2,1,O,Joseph Panico,,6,32.77 MPH,,1:11.519,2,Privateer
Round 4,2025-10-11,206 Mini/Cadet,H2,2,88,Lucas Schreiber,,6,32.68 MPH,1.445,1:12.266,4,M
Round 4,2025-10-11,206 Mini/Cadet,H2,3,924,Aiden Harbaugh,,6,32.65 MPH,1.893,1:11.172,5,M
Round 4,2025-10-11,206 Mini/Cadet,H2,4,80,Ashlyn Taylor,,6,32.46 MPH,4.755,1:12.366,3,M
Round 4,2025-10-11,206 Mini/Cadet,H2,5,203,Weston Davis,,6,30.34 MPH,39.365,1:16.167,1,Privateer
Round 4,2025-10-11,206 Mini/Cadet,H2,6,82,Grayson Miller,,6,30.32 MPH,39.748,1:15.801,1,M
Round 4,2025-10-11,T4 Junior,H2,1,899,Lucas Mccrone,,10,35.16 MPH,,1:08.945,5,
Round 4,2025-10-11,T4 Junior,H2,2,80,Ashlyn Taylor,,1,18.86 MPH,9 Laps,1:15.069,1,M
Round 4,2025-10-11,T4 Junior,H2,DNS,53,Anna Mccrone,,0,,,,,
Round 4,2025-10-11,206 Senior/Master,H2,1,9,Nicholas Jadue,206SR,10,31.93 MPH,,1:10.009,10,Privateer
Round 4,2025-10-11,206 Senior/Master,H2,2,3,Eric Baun,206-390,10,31.03 MPH,24.362,1:11.125,4,Privateer
Round 4,2025-10-11,206 Senior/Master,H2,3,16,Kyle Davis,206-390,10,30.63 MPH,35.726,1:12.226,5,Privateer
Round 4,2025-10-11,206 Senior/Master,H2,4,421,Calvi Teste,206SR,5,27.26 MPH,5 Laps,1:11.131,3,
Round 4,2025-10-11,206 Senior/Master,H2,5,314,Chad Karnik,206-390,2,18.89 MPH,8 Laps,1:15.023,2,Privateer
Round 4,2025-10-11,206 Senior/Master,H2,6,339,Cj Karnik,206-390,2,18.74 MPH,8 Laps,1:16.773,2,Privateer
Round 4,2025-10-11,206 Senior/Master,H2,DNS,28,Ryan English,206-390,0,,,,,M
Round 4,2025-10-11,206 Senior/Master,H2,1,9,Nicholas Jadue,,10,31.93 MPH,-,1:10.009,10,Privateer
Round 4,2025-10-11,206 Senior/Master,H2,2,421,Calvi Teste,,5,27.26 MPH,5 Laps,1:11.131,3,
Round 4,2025-10-11,206 Senior/Master,H2,1,3,Eric Baun,,10,31.03 MPH,-,1:11.125,4,Privateer
Round 4,2025-10-11,206 Senior/Master,H2,2,16,Kyle Davis,,10,30.63 MPH,11.364,1:12.226,5,Privateer
Round 4,2025-10-11,206 Senior/Master,H2,3,314,Chad Karnik,,2,18.89 MPH,8 Laps,1:15.023,2,Privateer
Round 4,2025-10-11,206 Senior/Master,H2,4,339,Cj Karnik,,2,18.74 MPH,8 Laps,1:16.773,2,Privateer
Round 4,2025-10-11,206 Senior/Master,H2,DNS,28,Ryan English,,0,,,,,M
Round 4,2025-10-11,2-Stroke,H2,1,939,Blade Fountain,KASR,10,37.99 MPH,,1:01.628,7,KartKru
Round 4,2025-10-11,2-Stroke,H2,2,24,Keith Bowerman,TaG/X30,10,37.02 MPH,18.420,1:03.723,2,M
Round 4,2025-10-11,2-Stroke,H2,3,44,Giovanni Blackerby,JRMAX,10,36.98 MPH,19.136,1:03.257,10,M
Round 4,2025-10-11,2-Stroke,H2,4,8,Scott Smith,KA-385,10,36.47 MPH,29.295,1:04.212,3,Smallwood Motorsports / Scott Smith Racing
Round 4,2025-10-11,2-Stroke,H2,5,237,Chris Stephens,KA-385,10,36.26 MPH,33.568,1:05.445,7,Smallwood Motorsports
Round 4,2025-10-11,2-Stroke,H2,DNS,005,Kaden Harter,KASR,0,,,,,M
Round 4,2025-10-11,2-Stroke,H2,DNS,339,Cj Karnik,206-390,0,,,,,Privateer
Round 4,2025-10-11,2-Stroke,H2,1,939,Blade Fountain,,10,37.99 MPH,-,1:01.628,7,KartKru
Round 4,2025-10-11,2-Stroke,H2,DNS,005,Kaden Harter,,0,,,,,M
Round 4,2025-10-11,2-Stroke,H2,1,24,Keith Bowerman,,10,37.02 MPH,-,1:03.723,2,M
Round 4,2025-10-11,2-Stroke,H2,1,44,Giovanni Blackerby,,10,36.98 MPH,-,1:03.257,10,M
Round 4,2025-10-11,2-Stroke,H2,1,8,Scott Smith,,10,36.47 MPH,-,1:04.212,3,Smallwood Motorsports / Scott Smith Racing
Round 4,2025-10-11,2-Stroke,H2,2,237,Chris Stephens,,10,36.26 MPH,4.273,1:05.445,7,Smallwood Motorsports
Round 4,2025-10-11,2-Stroke,H2,DNS,339,Cj Karnik,,0,,,,,Privateer
Round 4,2025-10-11,206 Mini/Cadet,F,1,O,Joseph Panico,206MIN,10,34.62 MPH,,1:10.993,8,Privateer
Round 4,2025-10-11,206 Mini/Cadet,F,2,88,Lucas Schreiber,206MIN,10,34.26 MPH,8.173,1:11.974,10,M
Round 4,2025-10-11,206 Mini/Cadet,F,3,924,Aiden Harbaugh,206MIN,10,34.12 MPH,11.240,1:10.908,10,M
Round 4,2025-10-11,206 Mini/Cadet,F,4,80,Ashlyn Taylor,206MIN,10,34.03 MPH,13.305,1:12.180,2,M
Round 4,2025-10-11,206 Mini/Cadet,F,5,203,Weston Davis,206MIN,10,31.62 MPH,1:13.549,1:13.549,,Privateer
Round 4,2025-10-11,206 Mini/Cadet,F,6,82,Grayson Miller,206MIN,10,31.61 MPH,1:13.829,1:13.829,,M
Round 4,2025-10-11,206 Mini/Cadet,F,1,O,Joseph Panico,,10,34.62 MPH,-,1:10.993,8,Privateer
Round 4,2025-10-11,206 Mini/Cadet,F,2,88,Lucas Schreiber,,10,34.26 MPH,8.173,1:11.974,10,M
Round 4,2025-10-11,206 Mini/Cadet,F,3,924,Aiden Harbaugh,,10,34.12 MPH,11.240,1:10.908,10,M
Round 4,2025-10-11,206 Mini/Cadet,F,4,80,Ashlyn Taylor,,10,34.03 MPH,13.305,1:12.180,2,M
Round 4,2025-10-11,206 Mini/Cadet,F,5,203,Weston Davis,,10,31.62 MPH,1:13.549,1:13.549,,Privateer
Round 4,2025-10-11,206 Mini/Cadet,F,6,82,Grayson Miller,,10,31.61 MPH,1:13.829,1:13.829,,M
Round 4,2025-10-11,T4 Junior,F,1,80,Ashlyn Taylor,,12,36.25 MPH,,1:08.429,6,M
Round 4,2025-10-11,T4 Junior,F,2,899,Lucas Mccrone,,12,36.04 MPH,5.147,1:08.580,4,
Round 4,2025-10-11,T4 Junior,F,DNS,53,Anna Mccrone,,0,,,,,
Round 4,2025-10-11,206 Senior/Masters,F,1,3,Eric Baun,206-390,12,31.4 MPH,,1:10.655,11,Privateer
Round 4,2025-10-11,206 Senior/Masters,F,2,16,Kyle Davis,206-390,12,31.39 MPH,0.327,1:10.553,11,Privateer
Round 4,2025-10-11,206 Senior/Masters,F,3,28,Ryan English,206-390,12,30.72 MPH,22.810,1:11.835,5,M
Round 4,2025-10-11,206 Senior/Masters,F,4,339,Cj Karnik,206-390,10,28.82 MPH,2 Laps,1:15.263,4,Privateer
Round 4,2025-10-11,206 Senior/Masters,F,5,9,Nicholas Jadue,206SR,7,28.42 MPH,5 Laps,1:10.211,6,Privateer
Round 4,2025-10-11,206 Senior/Masters,F,DNS,421,Calvi Teste,206SR,0,,,,,
Round 4,2025-10-11,206 Senior/Masters,F,DNS,314,Chad Karnik,206-390,0,,,,,Privateer
Round 4,2025-10-11,206 Senior/Masters,F,1,3,Eric Baun,,12,31.4 MPH,-,1:10.655,11,Privateer
Round 4,2025-10-11,206 Senior/Masters,F,2,16,Kyle Davis,,12,31.39 MPH,0.327,1:10.553,11,Privateer
Round 4,2025-10-11,206 Senior/Masters,F,3,28,Ryan English,,12,30.72 MPH,22.810,1:11.835,5,M
Round 4,2025-10-11,206 Senior/Masters,F,4,339,Cj Karnik,,10,28.82 MPH,2 Laps,1:15.263,4,Privateer
Round 4,2025-10-11,206 Senior/Masters,F,DNS,314,Chad Karnik,,0,,,,,Privateer
Round 4,2025-10-11,206 Senior/Masters,F,1,9,Nicholas Jadue,,7,28.42 MPH,-,1:10.211,6,Privateer
Round 4,2025-10-11,206 Senior/Masters,F,DNS,421,Calvi Teste,,0,,,,,
Round 4,2025-10-11,2-Stroke,F,1,939,Blade Fountain,KASR,10,38.32 MPH,,1:01.624,9,KartKru
Round 4,2025-10-11,2-Stroke,F,2,24,Keith Bowerman,TaG/X30,10,37.41 MPH,17.013,1:03.417,3,M
Round 4,2025-10-11,2-Stroke,F,4,8,Scott Smith,KA-385,10,36.66 MPH,31.801,1:03.661,5,Smallwood Motorsports / Scott Smith Racing
Round 4,2025-10-11,2-Stroke,F,5,237,Chris Stephens,KA-385,10,36.56 MPH,33.833,1:04.933,4,Smallwood Motorsports
Round 4,2025-10-11,2-Stroke,F,6,44,Giovanni Blackerby,JRMAX,2,25.58 MPH,8 Laps,1:05.626,2,M
Round 4,2025-10-11,2-Stroke,F,DNS,005,Kaden Harter,KASR,0,,,,,M
Round 4,2025-10-11,2-Stroke,F,1,939,Blade Fountain,,10,38.32 MPH,-,1:01.624,9,KartKru
Round 4,2025-10-11,2-Stroke,F,DNS,005,Kaden Harter,,0,,,,,M
Round 4,2025-10-11,2-Stroke,F,1,24,Keith Bowerman,,10,37.41 MPH,-,1:03.417,3,M
Round 4,2025-10-11,2-Stroke,F,1,8,Scott Smith,,10,36.66 MPH,-,1:03.661,5,Smallwood Motorsports / Scott Smith Racing
Round 4,2025-10-11,2-Stroke,F,2,237,Chris Stephens,,10,36.56 MPH,2.032,1:04.933,4,Smallwood Motorsports
Round 4,2025-10-11,2-Stroke,F,1,44,Giovanni Blackerby,,2,25.58 MPH,-,1:05.626,2,M
Round 5,2025-10-12,Mini/Cadet,P,1,924,Aiden Harbaugh,206MIN,5,36.51 MPH,,1:10.124,4,M
Round 5,2025-10-12,Mini/Cadet,P,2,013,Logan Pollack,206MIN,5,37.13 MPH,0.869,1:10.993,4,Privateer
Round 5,2025-10-12,Mini/Cadet,P,3,88,Lucas Schreiber,206MIN,4,37.38 MPH,1.264,1:11.388,4,M
Round 5,2025-10-12,Mini/Cadet,P,4,17,Anthony Ciofani,206MIN,5,37.13 MPH,1.448,1:11.572,4,M
Round 5,2025-10-12,Mini/Cadet,P,5,80,Ashlyn Taylor,206MIN,5,36.96 MPH,1.888,1:12.012,4,M
Round 5,2025-10-12,Mini/Cadet,P,6,25,Dominic Borelli,T4MIN,4,31.49 MPH,13.194,1:23.318,3,Borelli Motorsports
Round 5,2025-10-12,Mini/Cadet,P,DNS,O,Joseph Panico,206MIN,0,,,,,
Round 5,2025-10-12,Mini/Cadet,P,1,924,Aiden Harbaugh,,5,36.51 MPH,-,1:10.124,4,M
Round 5,2025-10-12,Mini/Cadet,P,2,013,Logan Pollack,,5,37.13 MPH,0.869,1:10.993,4,Privateer
Round 5,2025-10-12,Mini/Cadet,P,3,88,Lucas Schreiber,,4,37.38 MPH,1.264,1:11.388,4,M
Round 5,2025-10-12,Mini/Cadet,P,4,17,Anthony Ciofani,,5,37.13 MPH,1.448,1:11.572,4,M
Round 5,2025-10-12,Mini/Cadet,P,5,80,Ashlyn Taylor,,5,36.96 MPH,1.888,1:12.012,4,M
Round 5,2025-10-12,Mini/Cadet,P,DNS,O,Joseph Panico,,0,,,,,
Round 5,2025-10-12,Mini/Cadet,P,1,25,Dominic Borelli,,4,31.49 MPH,-,1:23.318,3,Borelli Motorsports
Round 5,2025-10-12,Kid Kart,P,1,6,Gunner Surace,,2,24.46 MPH,,1:45.137,2,M
Round 5,2025-10-12,Junior,P,1,27,Colin Schreiber,JRMAX,2,43.03 MPH,,1:02.345,1,M
Round 5,2025-10-12,Junior,P,2,44,Giovanni Blackerby,JRMAX,2,42.96 MPH,0.066,1:02.411,1,M
Round 5,2025-10-12,Junior,P,3,80,Ashlyn Taylor,T4JR,2,39.45 MPH,5.655,1:08.000,1,M
Round 5,2025-10-12,Junior,P,4,53,Anna Mccrone,T4JR,2,39.1 MPH,6.184,1:08.529,1,
Round 5,2025-10-12,Junior,P,5,22,Jenson Janda,206JR,1,38.63 MPH,7.138,1:09.483,1,
Round 5,2025-10-12,Junior,P,6,54,Gavin Patterson,206JR,1,38.22 MPH,7.900,1:10.245,1,M
Round 5,2025-10-12,Junior,P,7,18,Kristopher Mccrone,T4JR,1,38.11 MPH,8.093,1:10.438,1,
Round 5,2025-10-12,Junior,P,8,899,Lucas Mccrone,T4JR,,,,,,
Round 5,2025-10-12,Junior,P,1,27,Colin Schreiber,,2,43.03 MPH,-,1:02.345,1,M
Round 5,2025-10-12,Junior,P,2,44,Giovanni Blackerby,,2,42.96 MPH,0.066,1:02.411,1,M
Round 5,2025-10-12,Junior,P,1,80,Ashlyn Taylor,,2,39.45 MPH,-,1:08.000,1,M
Round 5,2025-10-12,Junior,P,2,53,Anna Mccrone,,2,39.1 MPH,0.529,1:08.529,1,
Round 5,2025-10-12,Junior,P,3,18,Kristopher Mccrone,,1,38.11 MPH,2.438,1:10.438,1,
Round 5,2025-10-12,Junior,P,4,899,Lucas Mccrone,,,,,,,
Round 5,2025-10-12,Junior,P,1,22,Jenson Janda,,1,38.63 MPH,-,1:09.483,1,
Round 5,2025-10-12,Junior,P,2,54,Gavin Patterson,,1,38.22 MPH,0.762,1:10.245,1,M
Round 5,2025-10-12,Senior/Master,P,1,237,Chris Stephens,KA-385,5,41.91 MPH,,1:03.773,2,Smallwood Motorsports
Round 5,2025-10-12,Senior/Master,P,2,117,Galvin Dovgan,206SR,4,36.95 MPH,6.414,1:10.187,4,Privateer
Round 5,2025-10-12,Senior/Master,P,3,3,Eric Baun,206-390,4,37.32 MPH,7.659,1:11.432,3,M
Round 5,2025-10-12,Senior/Master,P,4,16,Kyle Davis,206-390,3,36.89 MPH,7.825,1:11.598,3,Privateer
Round 5,2025-10-12,Senior/Master,P,5,88,Scott Smith,206SR,4,37.16 MPH,8.027,1:11.800,4,Scott Smith Racing &amp; 488 Performance
Round 5,2025-10-12,Senior/Master,P,6,721,Cameron Dovgan,206-390,4,35.98 MPH,9.723,1:13.496,4,M
Round 5,2025-10-12,Senior/Master,P,DNS,314,Chad Karnik,206-390,0,,,,,M
Round 5,2025-10-12,Senior/Master,P,DNS,339,Cj Karnik,206-390,0,,,,,Privateer
Round 5,2025-10-12,Senior/Master,P,DNS,005,Kaden Harter,KASR,0,,,,,M
Round 5,2025-10-12,Senior/Master,P,DNS,8,Ian Quinn,KASR,0,,,,,Smallwood Motorsports
Round 5,2025-10-12,Senior/Master,P,1,237,Chris Stephens,,5,41.91 MPH,-,1:03.773,2,Smallwood Motorsports
Round 5,2025-10-12,Senior/Master,P,1,117,Galvin Dovgan,,4,36.95 MPH,-,1:10.187,4,Privateer
Round 5,2025-10-12,Senior/Master,P,2,88,Scott Smith,,4,37.16 MPH,1.613,1:11.800,4,Scott Smith Racing &amp; 488 Performance
Round 5,2025-10-12,Senior/Master,P,1,3,Eric Baun,,4,37.32 MPH,-,1:11.432,3,M
Round 5,2025-10-12,Senior/Master,P,2,16,Kyle Davis,,3,36.89 MPH,0.166,1:11.598,3,Privateer
Round 5,2025-10-12,Senior/Master,P,3,721,Cameron Dovgan,,4,35.98 MPH,2.064,1:13.496,4,M
Round 5,2025-10-12,Senior/Master,P,DNS,314,Chad Karnik,,0,,,,,M
Round 5,2025-10-12,Senior/Master,P,DNS,339,Cj Karnik,,0,,,,,Privateer
Round 5,2025-10-12,Senior/Master,P,DNS,005,Kaden Harter,,0,,,,,M
Round 5,2025-10-12,Senior/Master,P,DNS,8,Ian Quinn,,0,,,,,Smallwood Motorsports
Round 5,2025-10-12,Kid Kart,P,1,6,Gunner Surace,,2,22.9 MPH,,1:53.595,2,M
Round 5,2025-10-12,Mini/Cadet,P,1,013,Logan Pollack,206MIN,4,37.72 MPH,,1:10.761,4,Privateer
Round 5,2025-10-12,Mini/Cadet,P,2,17,Anthony Ciofani,206MIN,4,37.7 MPH,0.012,1:10.773,4,M
Round 5,2025-10-12,Mini/Cadet,P,3,O,Joseph Panico,206MIN,4,37.66 MPH,0.102,1:10.863,4,
Round 5,2025-10-12,Mini/Cadet,P,4,924,Aiden Harbaugh,206MIN,4,36.02 MPH,0.341,1:11.102,4,M
Round 5,2025-10-12,Mini/Cadet,P,5,88,Lucas Schreiber,206MIN,4,37.25 MPH,0.536,1:11.297,4,M
Round 5,2025-10-12,Mini/Cadet,P,6,80,Ashlyn Taylor,206MIN,4,37.24 MPH,1.212,1:11.973,4,M
Round 5,2025-10-12,Mini/Cadet,P,7,25,Dominic Borelli,T4MIN,4,32.88 MPH,9.544,1:20.305,2,Borelli Motorsports
Round 5,2025-10-12,Mini/Cadet,P,1,013,Logan Pollack,,4,37.72 MPH,-,1:10.761,4,Privateer
Round 5,2025-10-12,Mini/Cadet,P,2,17,Anthony Ciofani,,4,37.7 MPH,0.012,1:10.773,4,M
Round 5,2025-10-12,Mini/Cadet,P,3,O,Joseph Panico,,4,37.66 MPH,0.102,1:10.863,4,
Round 5,2025-10-12,Mini/Cadet,P,4,924,Aiden Harbaugh,,4,36.02 MPH,0.341,1:11.102,4,M
Round 5,2025-10-12,Mini/Cadet,P,5,88,Lucas Schreiber,,4,37.25 MPH,0.536,1:11.297,4,M
Round 5,2025-10-12,Mini/Cadet,P,6,80,Ashlyn Taylor,,4,37.24 MPH,1.212,1:11.973,4,M
Round 5,2025-10-12,Mini/Cadet,P,1,25,Dominic Borelli,,4,32.88 MPH,-,1:20.305,2,Borelli Motorsports
Round 5,2025-10-12,Junior,P,1,27,Colin Schreiber,JRMAX,4,43.09 MPH,,1:01.929,4,M
Round 5,2025-10-12,Junior,P,2,44,Giovanni Blackerby,JRMAX,4,42.99 MPH,0.307,1:02.236,3,M
Round 5,2025-10-12,Junior,P,3,80,Ashlyn Taylor,T4JR,6,39.47 MPH,5.702,1:07.631,5,M
Round 5,2025-10-12,Junior,P,4,899,Lucas Mccrone,T4JR,6,39.24 MPH,6.284,1:08.213,4,
Round 5,2025-10-12,Junior,P,5,53,Anna Mccrone,T4JR,6,38.85 MPH,6.900,1:08.829,5,
Round 5,2025-10-12,Junior,P,6,22,Jenson Janda,206JR,5,38.08 MPH,7.248,1:09.177,5,
Round 5,2025-10-12,Junior,P,7,54,Gavin Patterson,206JR,5,37.74 MPH,7.576,1:09.505,5,M
Round 5,2025-10-12,Junior,P,8,18,Kristopher Mccrone,T4JR,5,38.05 MPH,7.732,1:09.661,2,
Round 5,2025-10-12,Junior,P,1,27,Colin Schreiber,,4,43.09 MPH,-,1:01.929,4,M
Round 5,2025-10-12,Junior,P,2,44,Giovanni Blackerby,,4,42.99 MPH,0.307,1:02.236,3,M
Round 5,2025-10-12,Junior,P,1,80,Ashlyn Taylor,,6,39.47 MPH,-,1:07.631,5,M
Round 5,2025-10-12,Junior,P,2,899,Lucas Mccrone,,6,39.24 MPH,0.582,1:08.213,4,
Round 5,2025-10-12,Junior,P,3,53,Anna Mccrone,,6,38.85 MPH,1.198,1:08.829,5,
Round 5,2025-10-12,Junior,P,4,18,Kristopher Mccrone,,5,38.05 MPH,2.030,1:09.661,2,
Round 5,2025-10-12,Junior,P,1,22,Jenson Janda,,5,38.08 MPH,-,1:09.177,5,
Round 5,2025-10-12,Junior,P,2,54,Gavin Patterson,,5,37.74 MPH,0.328,1:09.505,5,M
Round 5,2025-10-12,Senior/Master,P,1,237,Chris Stephens,KA-385,5,41.53 MPH,,1:04.192,3,Smallwood Motorsports
Round 5,2025-10-12,Senior/Master,P,2,16,Kyle Davis,206-390,5,37.93 MPH,6.053,1:10.245,4,Privateer
Round 5,2025-10-12,Senior/Master,P,3,117,Galvin Dovgan,206SR,5,37.73 MPH,6.338,1:10.530,5,Privateer
Round 5,2025-10-12,Senior/Master,P,4,3,Eric Baun,206-390,5,37.68 MPH,6.628,1:10.820,2,M
Round 5,2025-10-12,Senior/Master,P,5,88,Scott Smith,206SR,5,37.59 MPH,6.797,1:10.989,4,Scott Smith Racing &amp; 488 Performance
Round 5,2025-10-12,Senior/Master,P,DNS,314,Chad Karnik,206-390,0,,,,,M
Round 5,2025-10-12,Senior/Master,P,DNS,339,Cj Karnik,206-390,0,,,,,Privateer
Round 5,2025-10-12,Senior/Master,P,DNS,721,Cameron Dovgan,206-390,0,,,,,M
Round 5,2025-10-12,Senior/Master,P,DNS,005,Kaden Harter,KASR,0,,,,,M
Round 5,2025-10-12,Senior/Master,P,DNS,8,Ian Quinn,KASR,0,,,,,Smallwood Motorsports
Round 5,2025-10-12,Senior/Master,P,1,237,Chris Stephens,,5,41.53 MPH,-,1:04.192,3,Smallwood Motorsports
Round 5,2025-10-12,Senior/Master,P,1,16,Kyle Davis,,5,37.93 MPH,-,1:10.245,4,Privateer
Round 5,2025-10-12,Senior/Master,P,2,3,Eric Baun,,5,37.68 MPH,0.575,1:10.820,2,M
Round 5,2025-10-12,Senior/Master,P,DNS,314,Chad Karnik,,0,,,,,M
Round 5,2025-10-12,Senior/Master,P,DNS,339,Cj Karnik,,0,,,,,Privateer
Round 5,2025-10-12,Senior/Master,P,DNS,721,Cameron Dovgan,,0,,,,,M
Round 5,2025-10-12,Senior/Master,P,1,117,Galvin Dovgan,,5,37.73 MPH,-,1:10.530,5,Privateer
Round 5,2025-10-12,Senior/Master,P,2,88,Scott Smith,,5,37.59 MPH,0.459,1:10.989,4,Scott Smith Racing &amp; 488 Performance
Round 5,2025-10-12,Senior/Master,P,DNS,005,Kaden Harter,,0,,,,,M
Round 5,2025-10-12,Senior/Master,P,DNS,8,Ian Quinn,,0,,,,,Smallwood Motorsports
Round 5,2025-10-12,Mini/Cadet,Q,1,O,Joseph Panico,206MIN,3,37.95 MPH,,1:10.499,1,
Round 5,2025-10-12,Mini/Cadet,Q,2,924,Aiden Harbaugh,206MIN,3,36.97 MPH,0.038,1:10.537,3,M
Round 5,2025-10-12,Mini/Cadet,Q,3,013,Logan Pollack,206MIN,3,37.91 MPH,0.111,1:10.610,3,Privateer
Round 5,2025-10-12,Mini/Cadet,Q,4,17,Anthony Ciofani,206MIN,3,37.91 MPH,0.114,1:10.613,3,M
Round 5,2025-10-12,Mini/Cadet,Q,5,88,Lucas Schreiber,206MIN,3,37.36 MPH,1.210,1:11.709,2,M
Round 5,2025-10-12,Mini/Cadet,Q,6,80,Ashlyn Taylor,206MIN,3,37.34 MPH,1.231,1:11.730,3,M
Round 5,2025-10-12,Mini/Cadet,Q,7,25,Dominic Borelli,T4MIN,3,33.44 MPH,6.470,1:16.969,3,Borelli Motorsports
Round 5,2025-10-12,Mini/Cadet,Q,1,O,Joseph Panico,,3,37.95 MPH,-,1:10.499,1,
Round 5,2025-10-12,Mini/Cadet,Q,2,924,Aiden Harbaugh,,3,36.97 MPH,0.038,1:10.537,3,M
Round 5,2025-10-12,Mini/Cadet,Q,3,013,Logan Pollack,,3,37.91 MPH,0.111,1:10.610,3,Privateer
Round 5,2025-10-12,Mini/Cadet,Q,4,17,Anthony Ciofani,,3,37.91 MPH,0.114,1:10.613,3,M
Round 5,2025-10-12,Mini/Cadet,Q,5,88,Lucas Schreiber,,3,37.36 MPH,1.210,1:11.709,2,M
Round 5,2025-10-12,Mini/Cadet,Q,6,80,Ashlyn Taylor,,3,37.34 MPH,1.231,1:11.730,3,M
Round 5,2025-10-12,Mini/Cadet,Q,1,25,Dominic Borelli,,3,33.44 MPH,-,1:16.969,3,Borelli Motorsports
Round 5,2025-10-12,206 Senior/Masters,Q,1,117,Galvin Dovgan,206SR,3,38.33 MPH,,1:09.576,2,Privateer
Round 5,2025-10-12,206 Senior/Masters,Q,2,88,Scott Smith,206SR,3,37.88 MPH,1.105,1:10.681,2,Scott Smith Racing &amp; 488 Performance
Round 5,2025-10-12,206 Senior/Masters,Q,3,3,Eric Baun,206-390,3,37.87 MPH,1.256,1:10.832,2,M
Round 5,2025-10-12,206 Senior/Masters,Q,4,16,Kyle Davis,206-390,3,37.81 MPH,1.290,1:10.866,3,Privateer
Round 5,2025-10-12,206 Senior/Masters,Q,5,721,Cameron Dovgan,206-390,3,35.94 MPH,3.425,1:13.001,3,M
Round 5,2025-10-12,206 Senior/Masters,Q,6,314,Chad Karnik,206-390,3,35.24 MPH,5.767,1:15.343,2,M
Round 5,2025-10-12,206 Senior/Masters,Q,7,339,Cj Karnik,206-390,2,29.73 MPH,6.544,1:16.120,2,Privateer
Round 5,2025-10-12,206 Senior/Masters,Q,1,117,Galvin Dovgan,,3,38.33 MPH,-,1:09.576,2,Privateer
Round 5,2025-10-12,206 Senior/Masters,Q,2,88,Scott Smith,,3,37.88 MPH,1.105,1:10.681,2,Scott Smith Racing &amp; 488 Performance
Round 5,2025-10-12,206 Senior/Masters,Q,1,3,Eric Baun,,3,37.87 MPH,-,1:10.832,2,M
Round 5,2025-10-12,206 Senior/Masters,Q,2,16,Kyle Davis,,3,37.81 MPH,0.034,1:10.866,3,Privateer
Round 5,2025-10-12,206 Senior/Masters,Q,3,721,Cameron Dovgan,,3,35.94 MPH,2.169,1:13.001,3,M
Round 5,2025-10-12,206 Senior/Masters,Q,4,314,Chad Karnik,,3,35.24 MPH,4.511,1:15.343,2,M
Round 5,2025-10-12,206 Senior/Masters,Q,5,339,Cj Karnik,,2,29.73 MPH,5.288,1:16.120,2,Privateer
Round 5,2025-10-12,206/T4 Junior,Q,1,899,Lucas Mccrone,T4JR,3,39.37 MPH,,1:07.431,2,
Round 5,2025-10-12,206/T4 Junior,Q,2,80,Ashlyn Taylor,T4JR,3,39.51 MPH,0.194,1:07.625,3,M
Round 5,2025-10-12,206/T4 Junior,Q,3,18,Kristopher Mccrone,T4JR,3,39.51 MPH,0.466,1:07.897,3,
Round 5,2025-10-12,206/T4 Junior,Q,4,53,Anna Mccrone,T4JR,3,38.92 MPH,0.972,1:08.403,1,
Round 5,2025-10-12,206/T4 Junior,Q,5,22,Jenson Janda,206JR,3,37.37 MPH,1.688,1:09.119,3,
Round 5,2025-10-12,206/T4 Junior,Q,6,54,Gavin Patterson,206JR,3,38.16 MPH,2.272,1:09.703,3,M
Round 5,2025-10-12,206/T4 Junior,Q,1,899,Lucas Mccrone,,3,39.37 MPH,-,1:07.431,2,
Round 5,2025-10-12,206/T4 Junior,Q,2,80,Ashlyn Taylor,,3,39.51 MPH,0.194,1:07.625,3,M
Round 5,2025-10-12,206/T4 Junior,Q,3,18,Kristopher Mccrone,,3,39.51 MPH,0.466,1:07.897,3,
Round 5,2025-10-12,206/T4 Junior,Q,4,53,Anna Mccrone,,3,38.92 MPH,0.972,1:08.403,1,
Round 5,2025-10-12,206/T4 Junior,Q,1,22,Jenson Janda,,3,37.37 MPH,-,1:09.119,3,
Round 5,2025-10-12,206/T4 Junior,Q,2,54,Gavin Patterson,,3,38.16 MPH,0.584,1:09.703,3,M
Round 5,2025-10-12,2-Stroke,Q,1,8,Ian Quinn,KASR,3,43.58 MPH,,1:01.397,1,Smallwood Motorsports
Round 5,2025-10-12,2-Stroke,Q,2,27,Colin Schreiber,JRMAX,3,43.28 MPH,0.466,1:01.863,2,M
Round 5,2025-10-12,2-Stroke,Q,3,44,Giovanni Blackerby,JRMAX,3,43.22 MPH,0.497,1:01.894,3,M
Round 5,2025-10-12,2-Stroke,Q,4,237,Chris Stephens,KA-385,3,41.44 MPH,3.083,1:04.480,3,Smallwood Motorsports
Round 5,2025-10-12,2-Stroke,Q,DNS,005,Kaden Harter,KASR,0,,,,,M
Round 5,2025-10-12,2-Stroke,Q,1,8,Ian Quinn,,3,43.58 MPH,-,1:01.397,1,Smallwood Motorsports
Round 5,2025-10-12,2-Stroke,Q,DNS,005,Kaden Harter,,0,,,,,M
Round 5,2025-10-12,2-Stroke,Q,1,27,Colin Schreiber,,3,43.28 MPH,-,1:01.863,2,M
Round 5,2025-10-12,2-Stroke,Q,2,44,Giovanni Blackerby,,3,43.22 MPH,0.031,1:01.894,3,M
Round 5,2025-10-12,2-Stroke,Q,1,237,Chris Stephens,,3,41.44 MPH,-,1:04.480,3,Smallwood Motorsports
Round 5,2025-10-12,Kid Kart,H1,1,6,Gunner Surace,,6,19.9 MPH,,1:46.969,1,M
Round 5,2025-10-12,Mini/Cadet,H1,1,O,Joseph Panico,206MIN,7,30.18 MPH,,1:10.982,7,
Round 5,2025-10-12,Mini/Cadet,H1,2,17,Anthony Ciofani,206MIN,7,30.17 MPH,0.234,1:10.954,3,M
Round 5,2025-10-12,Mini/Cadet,H1,3,924,Aiden Harbaugh,206MIN,7,30.16 MPH,0.458,1:10.835,5,M
Round 5,2025-10-12,Mini/Cadet,H1,4,013,Logan Pollack,206MIN,7,30.1 MPH,1.579,1:10.794,5,Privateer
Round 5,2025-10-12,Mini/Cadet,H1,5,88,Lucas Schreiber,206MIN,7,29.98 MPH,4.170,1:11.270,7,M
Round 5,2025-10-12,Mini/Cadet,H1,6,80,Ashlyn Taylor,206MIN,7,29.93 MPH,5.114,1:11.467,6,M
Round 5,2025-10-12,Mini/Cadet,H1,7,25,Dominic Borelli,T4MIN,0,31.44 MPH,7 Laps,1:14.674,7,Borelli Motorsports
Round 5,2025-10-12,Mini/Cadet,H1,8,82,Grayson Miller,206MIN,6,27.05 MPH,1 Lap,1:16.176,3,M
Round 5,2025-10-12,Mini/Cadet,H1,1,O,Joseph Panico,,7,30.18 MPH,-,1:10.982,7,
Round 5,2025-10-12,Mini/Cadet,H1,2,17,Anthony Ciofani,,7,30.17 MPH,0.234,1:10.954,3,M
Round 5,2025-10-12,Mini/Cadet,H1,3,924,Aiden Harbaugh,,7,30.16 MPH,0.458,1:10.835,5,M
Round 5,2025-10-12,Mini/Cadet,H1,4,013,Logan Pollack,,7,30.1 MPH,1.579,1:10.794,5,Privateer
Round 5,2025-10-12,Mini/Cadet,H1,5,88,Lucas Schreiber,,7,29.98 MPH,4.170,1:11.270,7,M
Round 5,2025-10-12,Mini/Cadet,H1,6,80,Ashlyn Taylor,,7,29.93 MPH,5.114,1:11.467,6,M
Round 5,2025-10-12,Mini/Cadet,H1,7,82,Grayson Miller,,6,27.05 MPH,1 Lap,1:16.176,3,M
Round 5,2025-10-12,Mini/Cadet,H1,1,25,Dominic Borelli,,0,31.44 MPH,-,1:14.674,7,Borelli Motorsports
Round 5,2025-10-12,206 Senior/Masters,H1,1,117,Galvin Dovgan,206SR,10,37.4 MPH,,1:09.999,8,Privateer
Round 5,2025-10-12,206 Senior/Masters,H1,2,3,Eric Baun,206-390,10,37.17 MPH,4.530,1:10.307,3,M
Round 5,2025-10-12,206 Senior/Masters,H1,3,16,Kyle Davis,206-390,10,37.05 MPH,6.876,1:10.519,6,Privateer
Round 5,2025-10-12,206 Senior/Masters,H1,4,88,Scott Smith,206SR,10,36.94 MPH,8.900,1:10.204,6,Scott Smith Racing &amp; 488 Performance
Round 5,2025-10-12,206 Senior/Masters,H1,5,721,Cameron Dovgan,206-390,10,35.75 MPH,33.231,1:12.815,3,M
Round 5,2025-10-12,206 Senior/Masters,H1,6,314,Chad Karnik,206-390,10,35.25 MPH,43.847,1:13.924,9,M
Round 5,2025-10-12,206 Senior/Masters,H1,7,339,Cj Karnik,206-390,6,34.29 MPH,4 Laps,1:15.462,6,Privateer
Round 5,2025-10-12,206 Senior/Masters,H1,1,117,Galvin Dovgan,,10,37.4 MPH,-,1:09.999,8,Privateer
Round 5,2025-10-12,206 Senior/Masters,H1,2,88,Scott Smith,,10,36.94 MPH,8.900,1:10.204,6,Scott Smith Racing &amp; 488 Performance
Round 5,2025-10-12,206 Senior/Masters,H1,1,3,Eric Baun,,10,37.17 MPH,-,1:10.307,3,M
Round 5,2025-10-12,206 Senior/Masters,H1,2,16,Kyle Davis,,10,37.05 MPH,2.346,1:10.519,6,Privateer
Round 5,2025-10-12,206 Senior/Masters,H1,3,721,Cameron Dovgan,,10,35.75 MPH,28.701,1:12.815,3,M
Round 5,2025-10-12,206 Senior/Masters,H1,4,314,Chad Karnik,,10,35.25 MPH,39.317,1:13.924,9,M
Round 5,2025-10-12,206 Senior/Masters,H1,5,339,Cj Karnik,,6,34.29 MPH,4 Laps,1:15.462,6,Privateer
Round 5,2025-10-12,206/T4 Junior,H1,1,899,Lucas Mccrone,T4JR,9,23.22 MPH,,1:07.400,8,
Round 5,2025-10-12,206/T4 Junior,H1,2,80,Ashlyn Taylor,T4JR,9,23.2 MPH,0.977,1:07.906,9,M
Round 5,2025-10-12,206/T4 Junior,H1,3,22,Jenson Janda,206JR,9,23.03 MPH,8.401,1:08.918,8,
Round 5,2025-10-12,206/T4 Junior,H1,4,54,Gavin Patterson,206JR,9,22.93 MPH,13.217,1:09.324,5,M
Round 5,2025-10-12,206/T4 Junior,H1,5,18,Kristopher Mccrone,T4JR,,,,,,
Round 5,2025-10-12,206/T4 Junior,H1,6,53,Anna Mccrone,T4JR,,,,,,
Round 5,2025-10-12,206/T4 Junior,H1,1,899,Lucas Mccrone,,9,23.22 MPH,-,1:07.400,8,
Round 5,2025-10-12,206/T4 Junior,H1,2,80,Ashlyn Taylor,,9,23.2 MPH,0.977,1:07.906,9,M
Round 5,2025-10-12,206/T4 Junior,H1,3,18,Kristopher Mccrone,,,,,,,
Round 5,2025-10-12,206/T4 Junior,H1,4,53,Anna Mccrone,,,,,,,
Round 5,2025-10-12,206/T4 Junior,H1,1,22,Jenson Janda,,9,23.03 MPH,-,1:08.918,8,
Round 5,2025-10-12,206/T4 Junior,H1,2,54,Gavin Patterson,,9,22.93 MPH,4.816,1:09.324,5,M
Round 5,2025-10-12,2-Stroke,H1,1,8,Ian Quinn,KASR,10,40.44 MPH,,1:00.843,10,Smallwood Motorsports
Round 5,2025-10-12,2-Stroke,H1,2,44,Giovanni Blackerby,JRMAX,10,39.54 MPH,15.019,1:01.874,5,M
Round 5,2025-10-12,2-Stroke,H1,3,27,Colin Schreiber,JRMAX,10,39.24 MPH,20.290,1:02.395,5,M
Round 5,2025-10-12,2-Stroke,H1,4,237,Chris Stephens,KA-385,10,38.27 MPH,37.556,1:04.322,4,Smallwood Motorsports
Round 5,2025-10-12,2-Stroke,H1,DNS,005,Kaden Harter,KASR,0,,,,,M
Round 5,2025-10-12,2-Stroke,H1,1,8,Ian Quinn,,10,40.44 MPH,-,1:00.843,10,Smallwood Motorsports
Round 5,2025-10-12,2-Stroke,H1,DNS,005,Kaden Harter,,0,,,,,M
Round 5,2025-10-12,2-Stroke,H1,1,44,Giovanni Blackerby,,10,39.54 MPH,-,1:01.874,5,M
Round 5,2025-10-12,2-Stroke,H1,2,27,Colin Schreiber,,10,39.24 MPH,5.271,1:02.395,5,M
Round 5,2025-10-12,2-Stroke,H1,1,237,Chris Stephens,,10,38.27 MPH,-,1:04.322,4,Smallwood Motorsports
Round 5,2025-10-12,Kid Kart,H2,1,6,Gunner Surace,,6,22.8 MPH,,1:41.902,6,M
Round 5,2025-10-12,Mini/Cadet,H2,1,17,Anthony Ciofani,206MIN,8,35.34 MPH,,1:10.787,6,M
Round 5,2025-10-12,Mini/Cadet,H2,2,O,Joseph Panico,206MIN,8,35.33 MPH,0.139,1:10.903,5,
Round 5,2025-10-12,Mini/Cadet,H2,3,013,Logan Pollack,206MIN,8,35.31 MPH,0.532,1:10.744,6,Privateer
Round 5,2025-10-12,Mini/Cadet,H2,4,924,Aiden Harbaugh,206MIN,8,35.27 MPH,1.256,1:10.668,6,M
Round 5,2025-10-12,Mini/Cadet,H2,5,88,Lucas Schreiber,206MIN,8,35.18 MPH,2.757,1:11.201,4,M
Round 5,2025-10-12,Mini/Cadet,H2,6,80,Ashlyn Taylor,206MIN,8,34.93 MPH,7.067,1:11.558,2,M
Round 5,2025-10-12,Mini/Cadet,H2,7,25,Dominic Borelli,T4MIN,8,32.6 MPH,51.060,1:14.973,4,Borelli Motorsports
Round 5,2025-10-12,Mini/Cadet,H2,8,82,Grayson Miller,206MIN,5,31.89 MPH,3 Laps,1:15.467,5,M
Round 5,2025-10-12,Mini/Cadet,H2,1,17,Anthony Ciofani,,8,35.34 MPH,-,1:10.787,6,M
Round 5,2025-10-12,Mini/Cadet,H2,2,O,Joseph Panico,,8,35.33 MPH,0.139,1:10.903,5,
Round 5,2025-10-12,Mini/Cadet,H2,3,013,Logan Pollack,,8,35.31 MPH,0.532,1:10.744,6,Privateer
Round 5,2025-10-12,Mini/Cadet,H2,4,924,Aiden Harbaugh,,8,35.27 MPH,1.256,1:10.668,6,M
Round 5,2025-10-12,Mini/Cadet,H2,5,88,Lucas Schreiber,,8,35.18 MPH,2.757,1:11.201,4,M
Round 5,2025-10-12,Mini/Cadet,H2,6,80,Ashlyn Taylor,,8,34.93 MPH,7.067,1:11.558,2,M
Round 5,2025-10-12,Mini/Cadet,H2,7,82,Grayson Miller,,5,31.89 MPH,3 Laps,1:15.467,5,M
Round 5,2025-10-12,Mini/Cadet,H2,1,25,Dominic Borelli,,8,32.6 MPH,-,1:14.973,4,Borelli Motorsports
Round 5,2025-10-12,206 Senior/Masters,H2,1,117,Galvin Dovgan,206SR,10,33.61 MPH,,1:09.691,8,Privateer
Round 5,2025-10-12,206 Senior/Masters,H2,2,16,Kyle Davis,206-390,10,33.44 MPH,3.958,1:10.222,6,Privateer
Round 5,2025-10-12,206 Senior/Masters,H2,3,3,Eric Baun,206-390,10,33.25 MPH,8.699,1:10.361,7,M
Round 5,2025-10-12,206 Senior/Masters,H2,4,721,Cameron Dovgan,206-390,10,32.24 MPH,33.859,1:13.297,2,M
Round 5,2025-10-12,206 Senior/Masters,H2,5,314,Chad Karnik,206-390,10,31.77 MPH,46.204,1:14.258,10,M
Round 5,2025-10-12,206 Senior/Masters,H2,6,88,Scott Smith,206SR,,,,,,Scott Smith Racing &amp; 488 Performance
Round 5,2025-10-12,206 Senior/Masters,H2,DNS,339,Cj Karnik,206-390,0,,,,,Privateer
Round 5,2025-10-12,206 Senior/Masters,H2,1,117,Galvin Dovgan,,10,33.61 MPH,-,1:09.691,8,Privateer
Round 5,2025-10-12,206 Senior/Masters,H2,2,88,Scott Smith,,,,,,,Scott Smith Racing &amp; 488 Performance
Round 5,2025-10-12,206 Senior/Masters,H2,1,16,Kyle Davis,,10,33.44 MPH,-,1:10.222,6,Privateer
Round 5,2025-10-12,206 Senior/Masters,H2,2,3,Eric Baun,,10,33.25 MPH,4.741,1:10.361,7,M
Round 5,2025-10-12,206 Senior/Masters,H2,3,721,Cameron Dovgan,,10,32.24 MPH,29.901,1:13.297,2,M
Round 5,2025-10-12,206 Senior/Masters,H2,4,314,Chad Karnik,,10,31.77 MPH,42.246,1:14.258,10,M
Round 5,2025-10-12,206 Senior/Masters,H2,DNS,339,Cj Karnik,,0,,,,,Privateer
Round 5,2025-10-12,206/T4 Junior,H2,1,53,Anna Mccrone,T4JR,10,35.84 MPH,,1:06.938,4,
Round 5,2025-10-12,206/T4 Junior,H2,2,899,Lucas Mccrone,T4JR,10,35.42 MPH,9.003,1:07.738,9,
Round 5,2025-10-12,206/T4 Junior,H2,3,80,Ashlyn Taylor,T4JR,10,35.36 MPH,10.144,1:07.440,9,M
Round 5,2025-10-12,206/T4 Junior,H2,4,18,Kristopher Mccrone,T4JR,10,35.35 MPH,10.323,1:07.796,9,
Round 5,2025-10-12,206/T4 Junior,H2,5,22,Jenson Janda,206JR,10,34.75 MPH,23.508,1:08.918,10,
Round 5,2025-10-12,206/T4 Junior,H2,6,54,Gavin Patterson,206JR,10,34.5 MPH,29.127,1:09.434,5,M
Round 5,2025-10-12,206/T4 Junior,H2,1,53,Anna Mccrone,,10,35.84 MPH,-,1:06.938,4,
Round 5,2025-10-12,206/T4 Junior,H2,2,899,Lucas Mccrone,,10,35.42 MPH,9.003,1:07.738,9,
Round 5,2025-10-12,206/T4 Junior,H2,3,80,Ashlyn Taylor,,10,35.36 MPH,10.144,1:07.440,9,M
Round 5,2025-10-12,206/T4 Junior,H2,4,18,Kristopher Mccrone,,10,35.35 MPH,10.323,1:07.796,9,
Round 5,2025-10-12,206/T4 Junior,H2,1,22,Jenson Janda,,10,34.75 MPH,-,1:08.918,10,
Round 5,2025-10-12,206/T4 Junior,H2,2,54,Gavin Patterson,,10,34.5 MPH,5.619,1:09.434,5,M
Round 5,2025-10-12,2-Stroke,H2,1,8,Ian Quinn,KASR,10,41.86 MPH,,1:00.446,3,Smallwood Motorsports
Round 5,2025-10-12,2-Stroke,H2,2,44,Giovanni Blackerby,JRMAX,10,41.13 MPH,11.487,1:01.752,7,M
Round 5,2025-10-12,2-Stroke,H2,3,27,Colin Schreiber,JRMAX,10,41.1 MPH,11.869,1:01.489,10,M
Round 5,2025-10-12,2-Stroke,H2,4,237,Chris Stephens,KA-385,10,39.19 MPH,43.759,1:03.963,3,Smallwood Motorsports
Round 5,2025-10-12,2-Stroke,H2,DNS,005,Kaden Harter,KASR,0,,,,,M
Round 5,2025-10-12,2-Stroke,H2,1,8,Ian Quinn,,10,41.86 MPH,-,1:00.446,3,Smallwood Motorsports
Round 5,2025-10-12,2-Stroke,H2,DNS,005,Kaden Harter,,0,,,,,M
Round 5,2025-10-12,2-Stroke,H2,1,44,Giovanni Blackerby,,10,41.13 MPH,-,1:01.752,7,M
Round 5,2025-10-12,2-Stroke,H2,2,27,Colin Schreiber,,10,41.1 MPH,0.382,1:01.489,10,M
Round 5,2025-10-12,2-Stroke,H2,1,237,Chris Stephens,,10,39.19 MPH,-,1:03.963,3,Smallwood Motorsports
Round 5,2025-10-12,Mini/Cadet,F,1,17,Anthony Ciofani,206MIN,10,35.51 MPH,,1:10.185,4,M
Round 5,2025-10-12,Mini/Cadet,F,2,013,Logan Pollack,206MIN,10,35.5 MPH,0.114,1:10.191,4,Privateer
Round 5,2025-10-12,Mini/Cadet,F,3,924,Aiden Harbaugh,206MIN,10,35.46 MPH,0.896,1:09.870,6,M
Round 5,2025-10-12,Mini/Cadet,F,4,88,Lucas Schreiber,206MIN,10,35.24 MPH,5.746,1:10.777,7,M
Round 5,2025-10-12,Mini/Cadet,F,5,80,Ashlyn Taylor,206MIN,10,34.87 MPH,13.679,1:11.644,8,M
Round 5,2025-10-12,Mini/Cadet,F,6,25,Dominic Borelli,T4MIN,9,32.34 MPH,1 Lap,1:15.971,8,Borelli Motorsports
Round 5,2025-10-12,Mini/Cadet,F,DNS,O,Joseph Panico,206MIN,0,,,,,
Round 5,2025-10-12,Mini/Cadet,F,DNS,82,Grayson Miller,206MIN,0,,,,,M
Round 5,2025-10-12,Mini/Cadet,F,1,17,Anthony Ciofani,,10,35.51 MPH,-,1:10.185,4,M
Round 5,2025-10-12,Mini/Cadet,F,2,013,Logan Pollack,,10,35.5 MPH,0.114,1:10.191,4,Privateer
Round 5,2025-10-12,Mini/Cadet,F,3,924,Aiden Harbaugh,,10,35.46 MPH,0.896,1:09.870,6,M
Round 5,2025-10-12,Mini/Cadet,F,4,88,Lucas Schreiber,,10,35.24 MPH,5.746,1:10.777,7,M
Round 5,2025-10-12,Mini/Cadet,F,5,80,Ashlyn Taylor,,10,34.87 MPH,13.679,1:11.644,8,M
Round 5,2025-10-12,Mini/Cadet,F,DNS,O,Joseph Panico,,0,,,,,
Round 5,2025-10-12,Mini/Cadet,F,DNS,82,Grayson Miller,,0,,,,,M
Round 5,2025-10-12,Mini/Cadet,F,1,25,Dominic Borelli,,9,32.34 MPH,-,1:15.971,8,Borelli Motorsports
Round 5,2025-10-12,206 Senior/Masters,F,1,117,Galvin Dovgan,206SR,12,35.28 MPH,,1:09.894,5,Privateer
Round 5,2025-10-12,206 Senior/Masters,F,2,88,Scott Smith,206SR,12,34.99 MPH,7.736,1:10.201,11,Scott Smith Racing &amp; 488 Performance
Round 5,2025-10-12,206 Senior/Masters,F,3,3,Eric Baun,206-390,12,34.98 MPH,7.890,1:10.299,11,M
Round 5,2025-10-12,206 Senior/Masters,F,4,16,Kyle Davis,206-390,12,34.43 MPH,22.615,1:10.465,11,Privateer
Round 5,2025-10-12,206 Senior/Masters,F,5,314,Chad Karnik,206-390,12,32.99 MPH,1:03.615,1:03.615,,M
Round 5,2025-10-12,206 Senior/Masters,F,6,339,Cj Karnik,206-390,11,31.32 MPH,1 Lap,1:17.443,4,Privateer
Round 5,2025-10-12,206 Senior/Masters,F,7,721,Cameron Dovgan,206-390,,,,,,M
Round 5,2025-10-12,206 Senior/Masters,F,1,117,Galvin Dovgan,,12,35.28 MPH,-,1:09.894,5,Privateer
Round 5,2025-10-12,206 Senior/Masters,F,2,88,Scott Smith,,12,34.99 MPH,7.736,1:10.201,11,Scott Smith Racing &amp; 488 Performance
Round 5,2025-10-12,206 Senior/Masters,F,1,3,Eric Baun,,12,34.98 MPH,-,1:10.299,11,M
Round 5,2025-10-12,206 Senior/Masters,F,2,16,Kyle Davis,,12,34.43 MPH,14.725,1:10.465,11,Privateer
Round 5,2025-10-12,206 Senior/Masters,F,3,314,Chad Karnik,,12,32.99 MPH,55.725,1:14.162,12,M
Round 5,2025-10-12,206 Senior/Masters,F,4,339,Cj Karnik,,11,31.32 MPH,1 Lap,1:17.443,4,Privateer
Round 5,2025-10-12,206 Senior/Masters,F,5,721,Cameron Dovgan,,,,,,,M
Round 5,2025-10-12,206/T4 Junior,F,1,53,Anna Mccrone,T4JR,12,38.49 MPH,,1:06.722,11,
Round 5,2025-10-12,206/T4 Junior,F,2,899,Lucas Mccrone,T4JR,12,38.3 MPH,4.206,1:06.907,5,
Round 5,2025-10-12,206/T4 Junior,F,3,80,Ashlyn Taylor,T4JR,12,37.92 MPH,12.623,1:07.250,5,M
Round 5,2025-10-12,206/T4 Junior,F,4,22,Jenson Janda,206JR,12,37.36 MPH,25.321,1:08.472,10,
Round 5,2025-10-12,206/T4 Junior,F,5,54,Gavin Patterson,206JR,12,37.09 MPH,31.602,1:09.160,5,M
Round 5,2025-10-12,206/T4 Junior,F,6,18,Kristopher Mccrone,T4JR,,,,,,
Round 5,2025-10-12,206/T4 Junior,F,1,53,Anna Mccrone,,12,38.49 MPH,-,1:06.722,11,
Round 5,2025-10-12,206/T4 Junior,F,2,899,Lucas Mccrone,,12,38.3 MPH,4.206,1:06.907,5,
Round 5,2025-10-12,206/T4 Junior,F,3,80,Ashlyn Taylor,,12,37.92 MPH,12.623,1:07.250,5,M
Round 5,2025-10-12,206/T4 Junior,F,4,18,Kristopher Mccrone,,,,,,,
Round 5,2025-10-12,206/T4 Junior,F,1,22,Jenson Janda,,12,37.36 MPH,-,1:08.472,10,
Round 5,2025-10-12,206/T4 Junior,F,2,54,Gavin Patterson,,12,37.09 MPH,6.281,1:09.160,5,M
Round 6,2025-10-18,Kid Kart,Q,1,3,Remy Boss,,,,,1:26.989,,
Round 6,2025-10-18,Kid Kart,Q,2,6,Gunner Surace,,3,25.55 MPH,16.744,1:43.733,1,M
Round 6,2025-10-18,206 Mini/Cadet,Q,1,17,Anthony Ciofani,,3,37.98 MPH,,1:10.372,2,M
Round 6,2025-10-18,206 Mini/Cadet,Q,2,013,Logan Pollack,,3,37.63 MPH,0.399,1:10.771,2,Privateer
Round 6,2025-10-18,206 Mini/Cadet,Q,3,924,Aiden Harbaugh,,3,37.54 MPH,0.641,1:11.013,2,M
Round 6,2025-10-18,206 Mini/Cadet,Q,4,80,Ashlyn Taylor,,3,37.03 MPH,1.488,1:11.860,2,M
Round 6,2025-10-18,206 Mini/Cadet,Q,5,90,Mason Maki,,3,36.97 MPH,1.493,1:11.865,2,Privateer
Round 6,2025-10-18,206 Mini/Cadet,Q,6,52,Harrison Bell,,3,37.19 MPH,1.602,1:11.974,2,Privateer
Round 6,2025-10-18,206 Mini/Cadet,Q,7,8,Remy Boss,,3,37.17 MPH,1.701,1:12.073,2,
Round 6,2025-10-18,206 Mini/Cadet,Q,8,82,Grayson Miller,,3,33.82 MPH,6.575,1:16.947,3,M
Round 6,2025-10-18,206 Mini/Cadet,Q,9,203,Weston Davis,,3,33.6 MPH,9.071,1:19.443,3,M
Round 6,2025-10-18,206/T4 Senior/Masters,Q,1,014,Blade Fountain,206SR,3,39.27 MPH,,1:08.149,3,KartKru
Round 6,2025-10-18,206/T4 Senior/Masters,Q,2,777,James Stropko iv,206SR,3,38.37 MPH,1.723,1:09.872,2,
Round 6,2025-10-18,206/T4 Senior/Masters,Q,3,117,Galvin Dovgan,206SR,3,38.15 MPH,1.977,1:10.126,2,Privateer
Round 6,2025-10-18,206/T4 Senior/Masters,Q,4,444,Brandon Bell,206-390,3,37.88 MPH,2.173,1:10.322,3,Privateer
Round 6,2025-10-18,206/T4 Senior/Masters,Q,5,022,Christopher Jones,206SR,3,37.34 MPH,2.989,1:11.138,3,
Round 6,2025-10-18,206/T4 Senior/Masters,Q,6,16,Kyle Davis,206-390,3,36.89 MPH,3.284,1:11.433,3,M
Round 6,2025-10-18,206/T4 Senior/Masters,Q,7,32,Alex Cullenen,206-390,3,37.44 MPH,3.351,1:11.500,2,Privateer
Round 6,2025-10-18,206/T4 Senior/Masters,Q,8,074,Robert Cottell,206-390,2,36.82 MPH,3.428,1:11.577,2,Privateer
Round 6,2025-10-18,206/T4 Senior/Masters,Q,9,314,Chad Karnik,206-390,3,36.49 MPH,5.228,1:13.377,3,M
Round 6,2025-10-18,206/T4 Senior/Masters,Q,10,26,Rocker Smith,206-390,3,36.31 MPH,5.642,1:13.791,2,Octane racing
Round 6,2025-10-18,206/T4 Senior/Masters,Q,11,339,Cj Karnik,206-390,3,36.19 MPH,5.691,1:13.840,3,M
Round 6,2025-10-18,206/T4 Senior/Masters,Q,DNS,721,Cameron Dovgan,206-390,0,,,,,Privateer
Round 6,2025-10-18,206/T4 Senior/Masters,Q,DNS,488,Scott Smith,T4-380,0,,,,,M
Round 6,2025-10-18,206/T4 Senior/Masters,Q,1,014,Blade Fountain,,3,39.27 MPH,-,1:08.149,3,KartKru
Round 6,2025-10-18,206/T4 Senior/Masters,Q,2,777,James Stropko iv,,3,38.37 MPH,1.723,1:09.872,2,
Round 6,2025-10-18,206/T4 Senior/Masters,Q,3,117,Galvin Dovgan,,3,38.15 MPH,1.977,1:10.126,2,Privateer
Round 6,2025-10-18,206/T4 Senior/Masters,Q,4,022,Christopher Jones,,3,37.34 MPH,2.989,1:11.138,3,
Round 6,2025-10-18,206/T4 Senior/Masters,Q,1,444,Brandon Bell,,3,37.88 MPH,-,1:10.322,3,Privateer
Round 6,2025-10-18,206/T4 Senior/Masters,Q,2,16,Kyle Davis,,3,36.89 MPH,1.111,1:11.433,3,M
Round 6,2025-10-18,206/T4 Senior/Masters,Q,3,32,Alex Cullenen,,3,37.44 MPH,1.178,1:11.500,2,Privateer
Round 6,2025-10-18,206/T4 Senior/Masters,Q,4,074,Robert Cottell,,2,36.82 MPH,1.255,1:11.577,2,Privateer
Round 6,2025-10-18,206/T4 Senior/Masters,Q,5,314,Chad Karnik,,3,36.49 MPH,3.055,1:13.377,3,M
Round 6,2025-10-18,206/T4 Senior/Masters,Q,6,26,Rocker Smith,,3,36.31 MPH,3.469,1:13.791,2,Octane racing
Round 6,2025-10-18,206/T4 Senior/Masters,Q,7,339,Cj Karnik,,3,36.19 MPH,3.518,1:13.840,3,M
Round 6,2025-10-18,206/T4 Senior/Masters,Q,DNS,721,Cameron Dovgan,,0,,,,,Privateer
Round 6,2025-10-18,206/T4 Senior/Masters,Q,DNS,488,Scott Smith,,0,,,,,M
Round 6,2025-10-18,206 Junior,Q,1,54,Gavin Patterson,,3,38.35 MPH,,1:09.709,3,M
Round 6,2025-10-18,206 Junior,Q,2,43,Liam Sellery,,2,37.35 MPH,1.767,1:11.476,2,Privateer
Round 6,2025-10-18,T4 Mini/Swift Mini,Q,1,25,Dominic Borelli,T4MIN,3,35.82 MPH,,1:12.524,3,Borelli Motorsports
Round 6,2025-10-18,T4 Mini/Swift Mini,Q,2,001,Austin Harbaugh,T4MIN,3,33.34 MPH,3.583,1:16.107,2,M
Round 6,2025-10-18,T4 Mini/Swift Mini,Q,DNS,8,Remy Boss,SWIFT,0,,,,,
Round 6,2025-10-18,T4 Mini/Swift Mini,Q,1,25,Dominic Borelli,,3,35.82 MPH,-,1:12.524,3,Borelli Motorsports
Round 6,2025-10-18,T4 Mini/Swift Mini,Q,2,001,Austin Harbaugh,,3,33.34 MPH,3.583,1:16.107,2,M
Round 6,2025-10-18,T4 Mini/Swift Mini,Q,DNS,8,Remy Boss,,0,,,,,
Round 6,2025-10-18,T4 Junior,Q,1,53,Anna Mccrone,,3,39.96 MPH,,1:06.922,1,
Round 6,2025-10-18,T4 Junior,Q,2,80,Ashlyn Taylor,,3,39.88 MPH,0.291,1:07.213,1,M
Round 6,2025-10-18,T4 Junior,Q,3,18,Kristopher Mccrone,,3,39.47 MPH,0.642,1:07.564,1,
Round 6,2025-10-18,T4 Junior,Q,4,899,Lucas Grucella,,3,39.48 MPH,0.741,1:07.663,3,
Round 6,2025-10-18,T4 Junior,Q,5,3,Foster Smith,,3,38.75 MPH,2.037,1:08.959,3,
Round 6,2025-10-18,2-Stroke,Q,1,44,Giovanni Blackerby,JRMAX,3,43.01 MPH,,1:02.029,3,M
Round 6,2025-10-18,2-Stroke,Q,2,887,William Richard,KAJR,3,42.71 MPH,0.631,1:02.660,3,Privateer
Round 6,2025-10-18,2-Stroke,Q,3,8,Remy Boss,SWIFT,3,38.92 MPH,6.547,1:08.576,2,
Round 6,2025-10-18,2-Stroke,Q,4,154,Curtis Ziegler,KA-385,3,38.04 MPH,8.073,1:10.102,2,Ziegler Racing
Round 6,2025-10-18,2-Stroke,Q,DNS,27,Colin Schreiber,JRMAX,0,,,,,M
Round 6,2025-10-18,2-Stroke,Q,1,44,Giovanni Blackerby,,3,43.01 MPH,-,1:02.029,3,M
Round 6,2025-10-18,2-Stroke,Q,DNS,27,Colin Schreiber,,0,,,,,M
Round 6,2025-10-18,2-Stroke,Q,1,887,William Richard,,3,42.71 MPH,-,1:02.660,3,Privateer
Round 6,2025-10-18,2-Stroke,Q,1,8,Remy Boss,,3,38.92 MPH,-,1:08.576,2,
Round 6,2025-10-18,2-Stroke,Q,1,154,Curtis Ziegler,,3,38.04 MPH,-,1:10.102,2,Ziegler Racing
Round 6,2025-10-18,Kid Kart,H1,1,3,Remy Boss,,5,24.97 MPH,,1:27.620,4,
Round 6,2025-10-18,Kid Kart,H1,2,6,Gunner Surace,,5,24.6 MPH,7.972,1:41.387,5,M
Round 6,2025-10-18,206 Mini/Cadet,H1,1,17,Anthony Ciofani,,8,35.18 MPH,,1:10.523,4,M
Round 6,2025-10-18,206 Mini/Cadet,H1,2,013,Logan Pollack,,8,35.18 MPH,0.064,1:10.489,4,Privateer
Round 6,2025-10-18,206 Mini/Cadet,H1,3,52,Harrison Bell,,8,34.85 MPH,5.904,1:11.295,7,Privateer
Round 6,2025-10-18,206 Mini/Cadet,H1,4,924,Aiden Harbaugh,,8,34.73 MPH,7.886,1:11.320,5,M
Round 6,2025-10-18,206 Mini/Cadet,H1,5,8,Remy Boss,,8,34.14 MPH,18.632,1:12.696,5,
Round 6,2025-10-18,206 Mini/Cadet,H1,6,90,Mason Maki,,8,34.13 MPH,18.837,1:12.464,3,Privateer
Round 6,2025-10-18,206 Mini/Cadet,H1,7,80,Ashlyn Taylor,,8,34.11 MPH,19.145,1:12.443,3,M
Round 6,2025-10-18,206 Mini/Cadet,H1,8,203,Weston Davis,,8,31.79 MPH,1:05.115,1:05.115,,M
Round 6,2025-10-18,206 Mini/Cadet,H1,9,82,Grayson Miller,,8,31.75 MPH,1:06.042,1:06.042,,M
Round 6,2025-10-18,206/T4 Seniors/Masters,H1,1,014,Blade Fountain,206SR,10,35.14 MPH,,1:08.095,3,KartKru
Round 6,2025-10-18,206/T4 Seniors/Masters,H1,2,777,James Stropko iv,206SR,10,34.52 MPH,13.713,1:09.835,8,
Round 6,2025-10-18,206/T4 Seniors/Masters,H1,3,488,Scott Smith,T4-380,10,34.51 MPH,13.926,1:08.461,10,M
Round 6,2025-10-18,206/T4 Seniors/Masters,H1,4,117,Galvin Dovgan,206SR,10,34.26 MPH,19.528,1:09.975,5,Privateer
Round 6,2025-10-18,206/T4 Seniors/Masters,H1,5,16,Kyle Davis,206-390,10,34.13 MPH,22.728,1:10.308,6,M
Round 6,2025-10-18,206/T4 Seniors/Masters,H1,6,444,Brandon Bell,206-390,10,34.12 MPH,22.874,1:10.268,9,Privateer
Round 6,2025-10-18,206/T4 Seniors/Masters,H1,7,022,Christopher Jones,206SR,10,34.04 MPH,24.582,1:10.254,8,
Round 6,2025-10-18,206/T4 Seniors/Masters,H1,8,074,Robert Cottell,206-390,10,33.92 MPH,27.524,1:10.871,5,Privateer
Round 6,2025-10-18,206/T4 Seniors/Masters,H1,9,32,Alex Cullenen,206-390,10,33.9 MPH,27.879,1:10.713,10,Privateer
Round 6,2025-10-18,206/T4 Seniors/Masters,H1,10,26,Rocker Smith,206-390,10,32.8 MPH,54.584,1:13.622,10,Octane racing
Round 6,2025-10-18,206/T4 Seniors/Masters,H1,11,339,Cj Karnik,206-390,10,31.51 MPH,1:28.013,1:28.013,,M
Round 6,2025-10-18,206/T4 Seniors/Masters,H1,12,314,Chad Karnik,206-390,9,32.43 MPH,1 Lap,1:12.646,6,M
Round 6,2025-10-18,206/T4 Seniors/Masters,H1,13,721,Cameron Dovgan,206-390,9,32.42 MPH,1 Lap,1:13.289,9,Privateer
Round 6,2025-10-18,206/T4 Seniors/Masters,H1,1,014,Blade Fountain,,10,35.14 MPH,-,1:08.095,3,KartKru
Round 6,2025-10-18,206/T4 Seniors/Masters,H1,2,777,James Stropko iv,,10,34.52 MPH,13.713,1:09.835,8,
Round 6,2025-10-18,206/T4 Seniors/Masters,H1,3,117,Galvin Dovgan,,10,34.26 MPH,19.528,1:09.975,5,Privateer
Round 6,2025-10-18,206/T4 Seniors/Masters,H1,4,022,Christopher Jones,,10,34.04 MPH,24.582,1:10.254,8,
Round 6,2025-10-18,206/T4 Seniors/Masters,H1,1,488,Scott Smith,,10,34.51 MPH,-,1:08.461,10,M
Round 6,2025-10-18,206/T4 Seniors/Masters,H1,1,16,Kyle Davis,,10,34.13 MPH,-,1:10.308,6,M
Round 6,2025-10-18,206/T4 Seniors/Masters,H1,2,444,Brandon Bell,,10,34.12 MPH,0.146,1:10.268,9,Privateer
Round 6,2025-10-18,206/T4 Seniors/Masters,H1,3,074,Robert Cottell,,10,33.92 MPH,4.796,1:10.871,5,Privateer
Round 6,2025-10-18,206/T4 Seniors/Masters,H1,4,32,Alex Cullenen,,10,33.9 MPH,5.151,1:10.713,10,Privateer
Round 6,2025-10-18,206/T4 Seniors/Masters,H1,5,26,Rocker Smith,,10,32.8 MPH,31.856,1:13.622,10,Octane racing
Round 6,2025-10-18,206/T4 Seniors/Masters,H1,6,339,Cj Karnik,,10,31.51 MPH,1:05.285,1:05.285,,M
Round 6,2025-10-18,206/T4 Seniors/Masters,H1,7,314,Chad Karnik,,9,32.43 MPH,1 Lap,1:12.646,6,M
Round 6,2025-10-18,206/T4 Seniors/Masters,H1,8,721,Cameron Dovgan,,9,32.42 MPH,1 Lap,1:13.289,9,Privateer
Round 6,2025-10-18,206 Junior,H1,1,54,Gavin Patterson,,10,36.55 MPH,,1:09.918,8,M
Round 6,2025-10-18,206 Junior,H1,2,43,Liam Sellery,,10,35.87 MPH,13.967,1:10.994,8,Privateer
Round 6,2025-10-18,T4 Mini/Swift Mini,H1,1,8,Remy Boss,SWIFT,8,32.92 MPH,,1:08.381,8,
Round 6,2025-10-18,T4 Mini/Swift Mini,H1,2,25,Dominic Borelli,T4MIN,8,30.96 MPH,41.203,1:12.852,3,Borelli Motorsports
Round 6,2025-10-18,T4 Mini/Swift Mini,H1,3,001,Austin Harbaugh,T4MIN,7,27.5 MPH,1 Lap,1:21.501,6,M
Round 6,2025-10-18,T4 Mini/Swift Mini,H1,1,8,Remy Boss,,8,32.92 MPH,-,1:08.381,8,
Round 6,2025-10-18,T4 Mini/Swift Mini,H1,1,25,Dominic Borelli,,8,30.96 MPH,-,1:12.852,3,Borelli Motorsports
Round 6,2025-10-18,T4 Mini/Swift Mini,H1,2,001,Austin Harbaugh,,7,27.5 MPH,1 Lap,1:21.501,6,M
Round 6,2025-10-18,T4 Junior,H1,1,18,Kristopher Mccrone,,10,39.53 MPH,,1:07.624,10,
Round 6,2025-10-18,T4 Junior,H1,2,80,Ashlyn Taylor,,10,39.42 MPH,1.979,1:07.538,4,M
Round 6,2025-10-18,T4 Junior,H1,3,53,Anna Mccrone,,10,39.4 MPH,2.175,1:07.657,7,
Round 6,2025-10-18,T4 Junior,H1,4,899,Lucas Grucella,,10,39.34 MPH,3.341,1:07.637,5,
Round 6,2025-10-18,T4 Junior,H1,5,3,Foster Smith,,1,37.81 MPH,9 Laps,1:10.477,1,
Round 6,2025-10-18,2-Stroke,H1,1,44,Giovanni Blackerby,JRMAX,10,38.46 MPH,,1:02.153,10,M
Round 6,2025-10-18,2-Stroke,H1,2,27,Colin Schreiber,JRMAX,10,38.34 MPH,2.216,1:02.495,8,M
Round 6,2025-10-18,2-Stroke,H1,3,887,William Richard,KAJR,10,38.31 MPH,2.708,1:02.548,2,Privateer
Round 6,2025-10-18,2-Stroke,H1,4,154,Curtis Ziegler,KA-385,9,34.32 MPH,1 Lap,1:08.960,8,Ziegler Racing
Round 6,2025-10-18,2-Stroke,H1,1,44,Giovanni Blackerby,,10,38.46 MPH,-,1:02.153,10,M
Round 6,2025-10-18,2-Stroke,H1,2,27,Colin Schreiber,,10,38.34 MPH,2.216,1:02.495,8,M
Round 6,2025-10-18,2-Stroke,H1,1,887,William Richard,,10,38.31 MPH,-,1:02.548,2,Privateer
Round 6,2025-10-18,2-Stroke,H1,1,154,Curtis Ziegler,,9,34.32 MPH,-,1:08.960,8,Ziegler Racing
Round 6,2025-10-18,Kid Kart,H2,1,3,Remy Boss,,4,27.64 MPH,,1:27.013,3,
Round 6,2025-10-18,Kid Kart,H2,2,6,Gunner Surace,,2,19.98 MPH,2 Laps,1:45.796,1,M
Round 6,2025-10-18,206 Mini/Cadet,H2,1,17,Anthony Ciofani,,6,31.33 MPH,,1:10.590,5,M
Round 6,2025-10-18,206 Mini/Cadet,H2,2,013,Logan Pollack,,6,31.2 MPH,2.103,1:10.812,2,Privateer
Round 6,2025-10-18,206 Mini/Cadet,H2,3,8,Remy Boss,,6,31.15 MPH,3.027,1:11.834,6,
Round 6,2025-10-18,206 Mini/Cadet,H2,4,52,Harrison Bell,,6,31.11 MPH,3.657,1:10.757,5,Privateer
Round 6,2025-10-18,206 Mini/Cadet,H2,5,90,Mason Maki,,6,30.28 MPH,17.733,1:12.907,6,Privateer
Round 6,2025-10-18,206 Mini/Cadet,H2,6,80,Ashlyn Taylor,,6,29.95 MPH,23.699,1:14.499,2,M
Round 6,2025-10-18,206 Mini/Cadet,H2,7,82,Grayson Miller,,6,28.96 MPH,42.107,1:16.208,2,M
Round 6,2025-10-18,206 Mini/Cadet,H2,8,203,Weston Davis,,4,27.83 MPH,2 Laps,1:15.331,2,M
Round 6,2025-10-18,206 Mini/Cadet,H2,9,924,Aiden Harbaugh,,4,27.82 MPH,2 Laps,1:14.481,2,M
Round 6,2025-10-18,206/T4 Seniors/Masters,H2,1,014,Blade Fountain,206SR,8,35.54 MPH,,1:08.031,6,KartKru
Round 6,2025-10-18,206/T4 Seniors/Masters,H2,2,488,Scott Smith,T4-380,8,35.48 MPH,1.087,1:08.169,8,M
Round 6,2025-10-18,206/T4 Seniors/Masters,H2,3,777,James Stropko iv,206SR,8,35.43 MPH,1.896,1:08.483,6,
Round 6,2025-10-18,206/T4 Seniors/Masters,H2,4,117,Galvin Dovgan,206SR,8,35.03 MPH,8.776,1:09.761,6,Privateer
Round 6,2025-10-18,206/T4 Seniors/Masters,H2,5,16,Kyle Davis,206-390,8,34.73 MPH,14.128,1:10.385,6,M
Round 6,2025-10-18,206/T4 Seniors/Masters,H2,6,32,Alex Cullenen,206-390,8,34.71 MPH,14.533,1:10.496,3,Privateer
Round 6,2025-10-18,206/T4 Seniors/Masters,H2,7,444,Brandon Bell,206-390,8,34.32 MPH,21.597,1:10.536,4,Privateer
Round 6,2025-10-18,206/T4 Seniors/Masters,H2,8,022,Christopher Jones,206SR,8,34.12 MPH,25.181,1:10.815,4,
Round 6,2025-10-18,206/T4 Seniors/Masters,H2,9,074,Robert Cottell,206-390,8,33.82 MPH,30.795,1:11.194,5,Privateer
Round 6,2025-10-18,206/T4 Seniors/Masters,H2,10,26,Rocker Smith,206-390,8,33.23 MPH,42.125,1:13.396,7,Octane racing
Round 6,2025-10-18,206/T4 Seniors/Masters,H2,11,314,Chad Karnik,206-390,8,33.2 MPH,42.694,1:13.245,5,M
Round 6,2025-10-18,206/T4 Seniors/Masters,H2,12,339,Cj Karnik,206-390,8,32.89 MPH,48.661,1:15.069,7,M
Round 6,2025-10-18,206/T4 Seniors/Masters,H2,DNS,721,Cameron Dovgan,206-390,0,,,,,Privateer
Round 6,2025-10-18,206/T4 Seniors/Masters,H2,1,014,Blade Fountain,,8,35.54 MPH,-,1:08.031,6,KartKru
Round 6,2025-10-18,206/T4 Seniors/Masters,H2,2,777,James Stropko iv,,8,35.43 MPH,1.896,1:08.483,6,
Round 6,2025-10-18,206/T4 Seniors/Masters,H2,3,117,Galvin Dovgan,,8,35.03 MPH,8.776,1:09.761,6,Privateer
Round 6,2025-10-18,206/T4 Seniors/Masters,H2,4,022,Christopher Jones,,8,34.12 MPH,25.181,1:10.815,4,
Round 6,2025-10-18,206/T4 Seniors/Masters,H2,1,488,Scott Smith,,8,35.48 MPH,-,1:08.169,8,M
Round 6,2025-10-18,206/T4 Seniors/Masters,H2,1,16,Kyle Davis,,8,34.73 MPH,-,1:10.385,6,M
Round 6,2025-10-18,206/T4 Seniors/Masters,H2,2,32,Alex Cullenen,,8,34.71 MPH,0.405,1:10.496,3,Privateer
Round 6,2025-10-18,206/T4 Seniors/Masters,H2,3,444,Brandon Bell,,8,34.32 MPH,7.469,1:10.536,4,Privateer
Round 6,2025-10-18,206/T4 Seniors/Masters,H2,4,074,Robert Cottell,,8,33.82 MPH,16.667,1:11.194,5,Privateer
Round 6,2025-10-18,206/T4 Seniors/Masters,H2,5,26,Rocker Smith,,8,33.23 MPH,27.997,1:13.396,7,Octane racing
Round 6,2025-10-18,206/T4 Seniors/Masters,H2,6,314,Chad Karnik,,8,33.2 MPH,28.566,1:13.245,5,M
Round 6,2025-10-18,206/T4 Seniors/Masters,H2,7,339,Cj Karnik,,8,32.89 MPH,34.533,1:15.069,7,M
Round 6,2025-10-18,206/T4 Seniors/Masters,H2,DNS,721,Cameron Dovgan,,0,,,,,Privateer
Round 6,2025-10-18,206 Junior,H2,1,54,Gavin Patterson,,8,38.06 MPH,,1:09.609,4,M
Round 6,2025-10-18,206 Junior,H2,2,43,Liam Sellery,,8,37.12 MPH,14.431,1:11.503,7,Privateer
Round 6,2025-10-18,T4 Mini/Swift Mini,H2,1,8,Remy Boss,SWIFT,5,34.03 MPH,,1:07.220,1,
Round 6,2025-10-18,T4 Mini/Swift Mini,H2,2,001,Austin Harbaugh,T4MIN,5,29.22 MPH,1:04.885,1:04.885,,M
Round 6,2025-10-18,T4 Mini/Swift Mini,H2,3,25,Dominic Borelli,T4MIN,4,26.88 MPH,1 Lap,1:15.007,1,Borelli Motorsports
Round 6,2025-10-18,T4 Mini/Swift Mini,H2,1,8,Remy Boss,,5,34.03 MPH,-,1:07.220,1,
Round 6,2025-10-18,T4 Mini/Swift Mini,H2,1,001,Austin Harbaugh,,5,29.22 MPH,-,1:17.145,1,M
Round 6,2025-10-18,T4 Mini/Swift Mini,H2,2,25,Dominic Borelli,,4,26.88 MPH,1 Lap,1:15.007,1,Borelli Motorsports
Round 6,2025-10-18,T4 Junior,H2,1,18,Kristopher Mccrone,,8,34.89 MPH,,1:07.330,7,
Round 6,2025-10-18,T4 Junior,H2,2,3,Foster Smith,,8,34.57 MPH,5.677,1:08.927,6,
Round 6,2025-10-18,T4 Junior,H2,3,80,Ashlyn Taylor,,8,34.56 MPH,5.859,1:08.821,8,M
Round 6,2025-10-18,T4 Junior,H2,4,53,Anna Mccrone,,8,34.55 MPH,6.001,1:08.935,3,
Round 6,2025-10-18,T4 Junior,H2,5,899,Lucas Grucella,,8,33.99 MPH,16.196,1:08.060,7,
Round 6,2025-10-18,2-Stroke,H2,1,44,Giovanni Blackerby,JRMAX,8,38.18 MPH,,1:01.193,7,M
Round 6,2025-10-18,2-Stroke,H2,2,887,William Richard,KAJR,8,37.39 MPH,11.854,1:02.654,6,Privateer
Round 6,2025-10-18,2-Stroke,H2,3,154,Curtis Ziegler,KA-385,8,34.8 MPH,54.629,1:07.578,3,Ziegler Racing
Round 6,2025-10-18,2-Stroke,H2,4,27,Colin Schreiber,JRMAX,1,20.27 MPH,7 Laps,1:04.260,1,M
Round 6,2025-10-18,2-Stroke,H2,1,44,Giovanni Blackerby,,8,38.18 MPH,-,1:01.193,7,M
Round 6,2025-10-18,2-Stroke,H2,2,27,Colin Schreiber,,1,20.27 MPH,7 Laps,1:04.260,1,M
Round 6,2025-10-18,2-Stroke,H2,1,887,William Richard,,8,37.39 MPH,-,1:02.654,6,Privateer
Round 6,2025-10-18,2-Stroke,H2,1,154,Curtis Ziegler,,8,34.8 MPH,-,1:07.578,3,Ziegler Racing
Round 6,2025-10-18,206 Mini/Cadet,F,1,17,Anthony Ciofani,,8,32.98 MPH,,1:10.416,4,M
Round 6,2025-10-18,206 Mini/Cadet,F,2,52,Harrison Bell,,8,32.8 MPH,3.558,1:10.265,7,Privateer
Round 6,2025-10-18,206 Mini/Cadet,F,3,013,Logan Pollack,,8,32.8 MPH,3.676,1:10.247,4,Privateer
Round 6,2025-10-18,206 Mini/Cadet,F,4,90,Mason Maki,,8,32.24 MPH,14.930,1:11.729,2,Privateer
Round 6,2025-10-18,206 Mini/Cadet,F,5,80,Ashlyn Taylor,,8,32.22 MPH,15.353,1:11.785,6,M
Round 6,2025-10-18,206 Mini/Cadet,F,6,924,Aiden Harbaugh,,8,32.2 MPH,15.716,1:11.949,2,M
Round 6,2025-10-18,206 Mini/Cadet,F,7,203,Weston Davis,,8,30.33 MPH,56.900,1:15.433,8,M
Round 6,2025-10-18,206 Mini/Cadet,F,8,82,Grayson Miller,,8,30.29 MPH,57.747,1:15.929,7,M
Round 6,2025-10-18,206 Mini/Cadet,F,DNS,8,Remy Boss,,0,,,,,
Round 6,2025-10-18,206/T4 Senior/Masters,F,1,014,Blade Fountain,206SR,10,32.86 MPH,,1:07.818,6,KartKru
Round 6,2025-10-18,206/T4 Senior/Masters,F,2,777,James Stropko iv,206SR,10,32.85 MPH,0.198,1:07.878,5,
Round 6,2025-10-18,206/T4 Senior/Masters,F,3,488,Scott Smith,T4-380,10,32.54 MPH,7.886,1:07.900,7,M
Round 6,2025-10-18,206/T4 Senior/Masters,F,4,117,Galvin Dovgan,206SR,10,32.07 MPH,20.053,1:09.614,3,Privateer
Round 6,2025-10-18,206/T4 Senior/Masters,F,5,16,Kyle Davis,206-390,10,31.72 MPH,29.459,1:10.567,10,M
Round 6,2025-10-18,206/T4 Senior/Masters,F,6,32,Alex Cullenen,206-390,10,31.58 MPH,32.965,1:10.792,6,Privateer
Round 6,2025-10-18,206/T4 Senior/Masters,F,7,074,Robert Cottell,206-390,10,31.56 MPH,33.692,1:10.664,6,Privateer
Round 6,2025-10-18,206/T4 Senior/Masters,F,8,022,Christopher Jones,206SR,10,31.17 MPH,44.262,1:11.125,2,
Round 6,2025-10-18,206/T4 Senior/Masters,F,9,26,Rocker Smith,206-390,10,30.86 MPH,52.950,1:12.488,2,Octane racing
Round 6,2025-10-18,206/T4 Senior/Masters,F,10,314,Chad Karnik,206-390,10,30.84 MPH,53.363,1:12.719,4,M
Round 6,2025-10-18,206/T4 Senior/Masters,F,11,339,Cj Karnik,206-390,10,30.26 MPH,1:10.206,1:10.206,,M
Round 6,2025-10-18,206/T4 Senior/Masters,F,DNS,444,Brandon Bell,206-390,0,,,,,Privateer
Round 6,2025-10-18,206/T4 Senior/Masters,F,DNS,721,Cameron Dovgan,206-390,0,,,,,Privateer
Round 6,2025-10-18,206/T4 Senior/Masters,F,1,014,Blade Fountain,,10,32.86 MPH,-,1:07.818,6,KartKru
Round 6,2025-10-18,206/T4 Senior/Masters,F,2,777,James Stropko iv,,10,32.85 MPH,0.198,1:07.878,5,
Round 6,2025-10-18,206/T4 Senior/Masters,F,3,117,Galvin Dovgan,,10,32.07 MPH,20.053,1:09.614,3,Privateer
Round 6,2025-10-18,206/T4 Senior/Masters,F,4,022,Christopher Jones,,10,31.17 MPH,44.262,1:11.125,2,
Round 6,2025-10-18,206/T4 Senior/Masters,F,1,488,Scott Smith,,10,32.54 MPH,-,1:07.900,7,M
Round 6,2025-10-18,206/T4 Senior/Masters,F,1,16,Kyle Davis,,10,31.72 MPH,-,1:10.567,10,M
Round 6,2025-10-18,206/T4 Senior/Masters,F,2,32,Alex Cullenen,,10,31.58 MPH,3.506,1:10.792,6,Privateer
Round 6,2025-10-18,206/T4 Senior/Masters,F,3,074,Robert Cottell,,10,31.56 MPH,4.233,1:10.664,6,Privateer
Round 6,2025-10-18,206/T4 Senior/Masters,F,4,26,Rocker Smith,,10,30.86 MPH,23.491,1:12.488,2,Octane racing
Round 6,2025-10-18,206/T4 Senior/Masters,F,5,314,Chad Karnik,,10,30.84 MPH,23.904,1:12.719,4,M
Round 6,2025-10-18,206/T4 Senior/Masters,F,6,339,Cj Karnik,,10,30.26 MPH,40.747,1:14.522,9,M
Round 6,2025-10-18,206/T4 Senior/Masters,F,DNS,444,Brandon Bell,,0,,,,,Privateer
Round 6,2025-10-18,206/T4 Senior/Masters,F,DNS,721,Cameron Dovgan,,0,,,,,Privateer
Round 6,2025-10-18,T4/Swift Mini,F,1,8,Remy Boss,SWIFT,8,33.09 MPH,,1:07.816,4,
Round 6,2025-10-18,T4/Swift Mini,F,2,25,Dominic Borelli,T4MIN,8,30.78 MPH,48.649,1:13.285,4,Borelli Motorsports
Round 6,2025-10-18,T4/Swift Mini,F,3,001,Austin Harbaugh,T4MIN,7,28.7 MPH,1 Lap,1:17.639,2,M
Round 6,2025-10-18,T4/Swift Mini,F,1,8,Remy Boss,,8,33.09 MPH,-,1:07.816,4,
Round 6,2025-10-18,T4/Swift Mini,F,1,25,Dominic Borelli,,8,30.78 MPH,-,1:13.285,4,Borelli Motorsports
Round 6,2025-10-18,T4/Swift Mini,F,2,001,Austin Harbaugh,,7,28.7 MPH,1 Lap,1:17.639,2,M
Round 6,2025-10-18,206/T4 Junior,F,1,53,Anna Mccrone,T4JR,10,35.4 MPH,,1:06.751,5,
Round 6,2025-10-18,206/T4 Junior,F,2,18,Kristopher Mccrone,T4JR,10,35.35 MPH,0.986,1:06.895,9,
Round 6,2025-10-18,206/T4 Junior,F,3,80,Ashlyn Taylor,T4JR,10,35.34 MPH,1.239,1:06.698,6,M
Round 6,2025-10-18,206/T4 Junior,F,4,899,Lucas Grucella,T4JR,10,35.16 MPH,5.194,1:07.418,5,
Round 6,2025-10-18,206/T4 Junior,F,5,3,Foster Smith,T4JR,10,33.97 MPH,31.952,1:10.161,5,
Round 6,2025-10-18,206/T4 Junior,F,6,54,Gavin Patterson,206JR,10,33.89 MPH,33.681,1:09.661,6,M
Round 6,2025-10-18,206/T4 Junior,F,DNS,43,Liam Sellery,206JR,0,,,,,Privateer
Round 6,2025-10-18,206/T4 Junior,F,1,53,Anna Mccrone,,10,35.4 MPH,-,1:06.751,5,
Round 6,2025-10-18,206/T4 Junior,F,2,18,Kristopher Mccrone,,10,35.35 MPH,0.986,1:06.895,9,
Round 6,2025-10-18,206/T4 Junior,F,3,80,Ashlyn Taylor,,10,35.34 MPH,1.239,1:06.698,6,M
Round 6,2025-10-18,206/T4 Junior,F,4,899,Lucas Grucella,,10,35.16 MPH,5.194,1:07.418,5,
Round 6,2025-10-18,206/T4 Junior,F,5,3,Foster Smith,,10,33.97 MPH,31.952,1:10.161,5,
Round 6,2025-10-18,206/T4 Junior,F,1,54,Gavin Patterson,,10,33.89 MPH,-,1:09.661,6,M
Round 6,2025-10-18,206/T4 Junior,F,DNS,43,Liam Sellery,,0,,,,,Privateer
Round 6,2025-10-18,2-Stroke,F,1,44,Giovanni Blackerby,JRMAX,10,39.47 MPH,,1:01.195,7,M
Round 6,2025-10-18,2-Stroke,F,2,27,Colin Schreiber,JRMAX,10,38.67 MPH,14.011,1:02.448,2,M
Round 6,2025-10-18,2-Stroke,F,3,887,William Richard,KAJR,10,38.64 MPH,14.556,1:02.369,2,Privateer
Round 6,2025-10-18,2-Stroke,F,4,154,Curtis Ziegler,KA-385,9,35.51 MPH,1 Lap,1:07.541,8,Ziegler Racing
Round 6,2025-10-18,2-Stroke,F,1,44,Giovanni Blackerby,,10,39.47 MPH,-,1:01.195,7,M
Round 6,2025-10-18,2-Stroke,F,2,27,Colin Schreiber,,10,38.67 MPH,14.011,1:02.448,2,M
Round 6,2025-10-18,2-Stroke,F,1,887,William Richard,,10,38.64 MPH,-,1:02.369,2,Privateer
Round 6,2025-10-18,2-Stroke,F,1,154,Curtis Ziegler,,9,35.51 MPH,-,1:07.541,8,Ziegler Racing
